"Código","Unidade Territorial","UF","Referência","Quantidade total de famílias inscritas no Cadastro Único"
"280010","AMPARO DE SÃO FRANCISCO","SE","10/2025","724"
"280010","AMPARO DE SÃO FRANCISCO","SE","11/2025","726"
"280010","AMPARO DE SÃO FRANCISCO","SE","12/2025","726"
"280010","AMPARO DE SÃO FRANCISCO","SE","08/2025","709"
"280010","AMPARO DE SÃO FRANCISCO","SE","03/2025","690"
"280010","AMPARO DE SÃO FRANCISCO","SE","06/2025","703"
"280010","AMPARO DE SÃO FRANCISCO","SE","01/2025","679"
"280010","AMPARO DE SÃO FRANCISCO","SE","02/2025","680"
"280010","AMPARO DE SÃO FRANCISCO","SE","05/2025","699"
"280010","AMPARO DE SÃO FRANCISCO","SE","07/2025","707"
"280010","AMPARO DE SÃO FRANCISCO","SE","09/2025","716"
"280020","AQUIDABÃ","SE","03/2025","5855"
"280020","AQUIDABÃ","SE","10/2025","6073"
"280020","AQUIDABÃ","SE","09/2025","6026"
"280020","AQUIDABÃ","SE","05/2025","5961"
"280020","AQUIDABÃ","SE","06/2025","5995"
"280020","AQUIDABÃ","SE","11/2025","6114"
"280020","AQUIDABÃ","SE","12/2025","6124"
"280020","AQUIDABÃ","SE","08/2025","5964"
"280020","AQUIDABÃ","SE","02/2025","5829"
"280020","AQUIDABÃ","SE","07/2025","5993"
"280020","AQUIDABÃ","SE","01/2025","5799"
"280030","ARACAJU","SE","10/2025","119156"
"280030","ARACAJU","SE","12/2025","119716"
"280030","ARACAJU","SE","11/2025","119568"
"280030","ARACAJU","SE","09/2025","118593"
"280030","ARACAJU","SE","05/2025","118917"
"280030","ARACAJU","SE","03/2025","117539"
"280030","ARACAJU","SE","06/2025","119684"
"280030","ARACAJU","SE","08/2025","117648"
"280030","ARACAJU","SE","07/2025","118797"
"280030","ARACAJU","SE","01/2025","116163"
"280030","ARACAJU","SE","02/2025","116845"
"280040","ARAUÁ","SE","01/2025","3774"
"280040","ARAUÁ","SE","07/2025","3883"
"280040","ARAUÁ","SE","08/2025","3862"
"280040","ARAUÁ","SE","06/2025","3867"
"280040","ARAUÁ","SE","10/2025","3897"
"280040","ARAUÁ","SE","02/2025","3786"
"280040","ARAUÁ","SE","05/2025","3844"
"280040","ARAUÁ","SE","11/2025","3924"
"280040","ARAUÁ","SE","03/2025","3801"
"280040","ARAUÁ","SE","12/2025","3930"
"280040","ARAUÁ","SE","09/2025","3876"
"280050","AREIA BRANCA","SE","03/2025","5090"
"280050","AREIA BRANCA","SE","08/2025","5132"
"280050","AREIA BRANCA","SE","11/2025","5229"
"280050","AREIA BRANCA","SE","07/2025","5222"
"280050","AREIA BRANCA","SE","02/2025","5067"
"280050","AREIA BRANCA","SE","06/2025","5231"
"280050","AREIA BRANCA","SE","05/2025","5174"
"280050","AREIA BRANCA","SE","09/2025","5181"
"280050","AREIA BRANCA","SE","01/2025","5067"
"280050","AREIA BRANCA","SE","12/2025","5227"
"280050","AREIA BRANCA","SE","10/2025","5207"
"280060","BARRA DOS COQUEIROS","SE","05/2025","10016"
"280060","BARRA DOS COQUEIROS","SE","02/2025","9726"
"280060","BARRA DOS COQUEIROS","SE","11/2025","10344"
"280060","BARRA DOS COQUEIROS","SE","07/2025","10184"
"280060","BARRA DOS COQUEIROS","SE","01/2025","9733"
"280060","BARRA DOS COQUEIROS","SE","06/2025","10118"
"280060","BARRA DOS COQUEIROS","SE","12/2025","10391"
"280060","BARRA DOS COQUEIROS","SE","10/2025","10284"
"280060","BARRA DOS COQUEIROS","SE","08/2025","10098"
"280060","BARRA DOS COQUEIROS","SE","03/2025","9790"
"280060","BARRA DOS COQUEIROS","SE","09/2025","10197"
"280067","BOQUIM","SE","05/2025","8363"
"280067","BOQUIM","SE","06/2025","8421"
"280067","BOQUIM","SE","08/2025","8370"
"280067","BOQUIM","SE","11/2025","8575"
"280067","BOQUIM","SE","12/2025","8628"
"280067","BOQUIM","SE","03/2025","8254"
"280067","BOQUIM","SE","02/2025","8194"
"280067","BOQUIM","SE","10/2025","8522"
"280067","BOQUIM","SE","01/2025","8119"
"280067","BOQUIM","SE","07/2025","8413"
"280067","BOQUIM","SE","09/2025","8460"
"280070","BREJO GRANDE","SE","11/2025","2258"
"280070","BREJO GRANDE","SE","09/2025","2260"
"280070","BREJO GRANDE","SE","10/2025","2258"
"280070","BREJO GRANDE","SE","08/2025","2253"
"280070","BREJO GRANDE","SE","06/2025","2268"
"280070","BREJO GRANDE","SE","07/2025","2261"
"280070","BREJO GRANDE","SE","02/2025","2220"
"280070","BREJO GRANDE","SE","12/2025","2267"
"280070","BREJO GRANDE","SE","03/2025","2232"
"280070","BREJO GRANDE","SE","05/2025","2259"
"280070","BREJO GRANDE","SE","01/2025","2218"
"280100","CAMPO DO BRITO","SE","10/2025","5470"
"280100","CAMPO DO BRITO","SE","05/2025","5372"
"280100","CAMPO DO BRITO","SE","08/2025","5379"
"280100","CAMPO DO BRITO","SE","01/2025","5234"
"280100","CAMPO DO BRITO","SE","06/2025","5400"
"280100","CAMPO DO BRITO","SE","09/2025","5428"
"280100","CAMPO DO BRITO","SE","07/2025","5399"
"280100","CAMPO DO BRITO","SE","02/2025","5260"
"280100","CAMPO DO BRITO","SE","11/2025","5499"
"280100","CAMPO DO BRITO","SE","03/2025","5293"
"280100","CAMPO DO BRITO","SE","12/2025","5507"
"280110","CANHOBA","SE","01/2025","1919"
"280110","CANHOBA","SE","10/2025","1934"
"280110","CANHOBA","SE","05/2025","1946"
"280110","CANHOBA","SE","03/2025","1928"
"280110","CANHOBA","SE","12/2025","1946"
"280110","CANHOBA","SE","11/2025","1942"
"280110","CANHOBA","SE","06/2025","1953"
"280110","CANHOBA","SE","08/2025","1915"
"280110","CANHOBA","SE","09/2025","1926"
"280110","CANHOBA","SE","07/2025","1937"
"280110","CANHOBA","SE","02/2025","1927"
"280120","CANINDÉ DE SÃO FRANCISCO","SE","09/2025","9667"
"280120","CANINDÉ DE SÃO FRANCISCO","SE","06/2025","9658"
"280120","CANINDÉ DE SÃO FRANCISCO","SE","03/2025","9480"
"280120","CANINDÉ DE SÃO FRANCISCO","SE","02/2025","9444"
"280120","CANINDÉ DE SÃO FRANCISCO","SE","01/2025","9434"
"280120","CANINDÉ DE SÃO FRANCISCO","SE","10/2025","9718"
"280120","CANINDÉ DE SÃO FRANCISCO","SE","11/2025","9781"
"280120","CANINDÉ DE SÃO FRANCISCO","SE","07/2025","9641"
"280120","CANINDÉ DE SÃO FRANCISCO","SE","12/2025","9810"
"280120","CANINDÉ DE SÃO FRANCISCO","SE","05/2025","9596"
"280120","CANINDÉ DE SÃO FRANCISCO","SE","08/2025","9610"
"280130","CAPELA","SE","01/2025","8918"
"280130","CAPELA","SE","11/2025","9249"
"280130","CAPELA","SE","08/2025","9022"
"280130","CAPELA","SE","12/2025","9282"
"280130","CAPELA","SE","02/2025","8900"
"280130","CAPELA","SE","03/2025","8908"
"280130","CAPELA","SE","06/2025","9050"
"280130","CAPELA","SE","09/2025","9096"
"280130","CAPELA","SE","07/2025","9033"
"280130","CAPELA","SE","05/2025","9015"
"280130","CAPELA","SE","10/2025","9128"
"280140","CARIRA","SE","10/2025","7087"
"280140","CARIRA","SE","11/2025","7110"
"280140","CARIRA","SE","09/2025","7048"
"280140","CARIRA","SE","12/2025","7122"
"280140","CARIRA","SE","01/2025","6814"
"280140","CARIRA","SE","03/2025","6892"
"280140","CARIRA","SE","08/2025","7005"
"280140","CARIRA","SE","02/2025","6859"
"280140","CARIRA","SE","06/2025","7056"
"280140","CARIRA","SE","07/2025","7074"
"280140","CARIRA","SE","05/2025","7019"
"280150","CARMÓPOLIS","SE","03/2025","4058"
"280150","CARMÓPOLIS","SE","11/2025","4208"
"280150","CARMÓPOLIS","SE","08/2025","4094"
"280150","CARMÓPOLIS","SE","06/2025","4117"
"280150","CARMÓPOLIS","SE","10/2025","4177"
"280150","CARMÓPOLIS","SE","12/2025","4211"
"280150","CARMÓPOLIS","SE","02/2025","4056"
"280150","CARMÓPOLIS","SE","05/2025","4083"
"280150","CARMÓPOLIS","SE","07/2025","4119"
"280150","CARMÓPOLIS","SE","01/2025","4104"
"280150","CARMÓPOLIS","SE","09/2025","4162"
"280160","CEDRO DE SÃO JOÃO","SE","05/2025","1575"
"280160","CEDRO DE SÃO JOÃO","SE","11/2025","1604"
"280160","CEDRO DE SÃO JOÃO","SE","02/2025","1569"
"280160","CEDRO DE SÃO JOÃO","SE","08/2025","1578"
"280160","CEDRO DE SÃO JOÃO","SE","09/2025","1588"
"280160","CEDRO DE SÃO JOÃO","SE","10/2025","1596"
"280160","CEDRO DE SÃO JOÃO","SE","03/2025","1574"
"280160","CEDRO DE SÃO JOÃO","SE","07/2025","1571"
"280160","CEDRO DE SÃO JOÃO","SE","06/2025","1576"
"280160","CEDRO DE SÃO JOÃO","SE","12/2025","1624"
"280160","CEDRO DE SÃO JOÃO","SE","01/2025","1571"
"280170","CRISTINÁPOLIS","SE","12/2025","6265"
"280170","CRISTINÁPOLIS","SE","06/2025","6095"
"280170","CRISTINÁPOLIS","SE","05/2025","6054"
"280170","CRISTINÁPOLIS","SE","03/2025","5976"
"280170","CRISTINÁPOLIS","SE","09/2025","6113"
"280170","CRISTINÁPOLIS","SE","02/2025","5933"
"280170","CRISTINÁPOLIS","SE","07/2025","6065"
"280170","CRISTINÁPOLIS","SE","08/2025","6041"
"280170","CRISTINÁPOLIS","SE","01/2025","5914"
"280170","CRISTINÁPOLIS","SE","11/2025","6211"
"280170","CRISTINÁPOLIS","SE","10/2025","6149"
"280190","CUMBE","SE","12/2025","1388"
"280190","CUMBE","SE","01/2025","1381"
"280190","CUMBE","SE","10/2025","1380"
"280190","CUMBE","SE","06/2025","1407"
"280190","CUMBE","SE","09/2025","1381"
"280190","CUMBE","SE","02/2025","1386"
"280190","CUMBE","SE","07/2025","1400"
"280190","CUMBE","SE","03/2025","1397"
"280190","CUMBE","SE","08/2025","1372"
"280190","CUMBE","SE","05/2025","1408"
"280190","CUMBE","SE","11/2025","1394"
"280200","DIVINA PASTORA","SE","09/2025","1392"
"280200","DIVINA PASTORA","SE","11/2025","1410"
"280200","DIVINA PASTORA","SE","05/2025","1359"
"280200","DIVINA PASTORA","SE","08/2025","1382"
"280200","DIVINA PASTORA","SE","12/2025","1412"
"280200","DIVINA PASTORA","SE","03/2025","1325"
"280200","DIVINA PASTORA","SE","06/2025","1373"
"280200","DIVINA PASTORA","SE","02/2025","1312"
"280200","DIVINA PASTORA","SE","10/2025","1407"
"280200","DIVINA PASTORA","SE","07/2025","1380"
"280200","DIVINA PASTORA","SE","01/2025","1290"
"280210","ESTÂNCIA","SE","05/2025","21152"
"280210","ESTÂNCIA","SE","06/2025","21241"
"280210","ESTÂNCIA","SE","08/2025","21068"
"280210","ESTÂNCIA","SE","11/2025","21330"
"280210","ESTÂNCIA","SE","01/2025","20708"
"280210","ESTÂNCIA","SE","10/2025","21276"
"280210","ESTÂNCIA","SE","07/2025","21254"
"280210","ESTÂNCIA","SE","09/2025","21202"
"280210","ESTÂNCIA","SE","03/2025","20899"
"280210","ESTÂNCIA","SE","02/2025","20783"
"280210","ESTÂNCIA","SE","12/2025","21344"
"280220","FEIRA NOVA","SE","01/2025","2012"
"280220","FEIRA NOVA","SE","12/2025","2117"
"280220","FEIRA NOVA","SE","03/2025","2037"
"280220","FEIRA NOVA","SE","07/2025","2070"
"280220","FEIRA NOVA","SE","02/2025","2025"
"280220","FEIRA NOVA","SE","08/2025","2084"
"280220","FEIRA NOVA","SE","05/2025","2058"
"280220","FEIRA NOVA","SE","11/2025","2111"
"280220","FEIRA NOVA","SE","10/2025","2108"
"280220","FEIRA NOVA","SE","09/2025","2108"
"280220","FEIRA NOVA","SE","06/2025","2068"
"280230","FREI PAULO","SE","05/2025","4961"
"280230","FREI PAULO","SE","03/2025","4916"
"280230","FREI PAULO","SE","09/2025","4941"
"280230","FREI PAULO","SE","02/2025","4897"
"280230","FREI PAULO","SE","10/2025","4959"
"280230","FREI PAULO","SE","07/2025","4977"
"280230","FREI PAULO","SE","08/2025","4932"
"280230","FREI PAULO","SE","11/2025","4975"
"280230","FREI PAULO","SE","06/2025","4985"
"280230","FREI PAULO","SE","12/2025","4958"
"280230","FREI PAULO","SE","01/2025","4882"
"280240","GARARU","SE","01/2025","3767"
"280240","GARARU","SE","12/2025","3996"
"280240","GARARU","SE","08/2025","3852"
"280240","GARARU","SE","03/2025","3775"
"280240","GARARU","SE","05/2025","3834"
"280240","GARARU","SE","11/2025","3923"
"280240","GARARU","SE","06/2025","3848"
"280240","GARARU","SE","09/2025","3874"
"280240","GARARU","SE","10/2025","3893"
"280240","GARARU","SE","02/2025","3771"
"280240","GARARU","SE","07/2025","3860"
"280250","GENERAL MAYNARD","SE","11/2025","1421"
"280250","GENERAL MAYNARD","SE","05/2025","1379"
"280250","GENERAL MAYNARD","SE","01/2025","1284"
"280250","GENERAL MAYNARD","SE","07/2025","1394"
"280250","GENERAL MAYNARD","SE","08/2025","1391"
"280250","GENERAL MAYNARD","SE","10/2025","1419"
"280250","GENERAL MAYNARD","SE","06/2025","1385"
"280250","GENERAL MAYNARD","SE","12/2025","1429"
"280250","GENERAL MAYNARD","SE","09/2025","1403"
"280250","GENERAL MAYNARD","SE","03/2025","1355"
"280250","GENERAL MAYNARD","SE","02/2025","1313"
"280260","GRACHO CARDOSO","SE","02/2025","2810"
"280260","GRACHO CARDOSO","SE","09/2025","2950"
"280260","GRACHO CARDOSO","SE","05/2025","2903"
"280260","GRACHO CARDOSO","SE","11/2025","2960"
"280260","GRACHO CARDOSO","SE","08/2025","2942"
"280260","GRACHO CARDOSO","SE","06/2025","2924"
"280260","GRACHO CARDOSO","SE","12/2025","2967"
"280260","GRACHO CARDOSO","SE","07/2025","2931"
"280260","GRACHO CARDOSO","SE","10/2025","2948"
"280260","GRACHO CARDOSO","SE","01/2025","2741"
"280260","GRACHO CARDOSO","SE","03/2025","2842"
"280270","ILHA DAS FLORES","SE","01/2025","2988"
"280270","ILHA DAS FLORES","SE","06/2025","3044"
"280270","ILHA DAS FLORES","SE","02/2025","2997"
"280270","ILHA DAS FLORES","SE","03/2025","3012"
"280270","ILHA DAS FLORES","SE","07/2025","3043"
"280270","ILHA DAS FLORES","SE","12/2025","3072"
"280270","ILHA DAS FLORES","SE","09/2025","3037"
"280270","ILHA DAS FLORES","SE","05/2025","3032"
"280270","ILHA DAS FLORES","SE","08/2025","3035"
"280270","ILHA DAS FLORES","SE","10/2025","3041"
"280270","ILHA DAS FLORES","SE","11/2025","3058"
"280280","INDIAROBA","SE","01/2025","4554"
"280280","INDIAROBA","SE","05/2025","4597"
"280280","INDIAROBA","SE","03/2025","4551"
"280280","INDIAROBA","SE","09/2025","4621"
"280280","INDIAROBA","SE","02/2025","4537"
"280280","INDIAROBA","SE","10/2025","4664"
"280280","INDIAROBA","SE","07/2025","4614"
"280280","INDIAROBA","SE","12/2025","4718"
"280280","INDIAROBA","SE","06/2025","4630"
"280280","INDIAROBA","SE","11/2025","4687"
"280280","INDIAROBA","SE","08/2025","4580"
"280290","ITABAIANA","SE","08/2025","25064"
"280290","ITABAIANA","SE","12/2025","25985"
"280290","ITABAIANA","SE","10/2025","25686"
"280290","ITABAIANA","SE","01/2025","24895"
"280290","ITABAIANA","SE","03/2025","25058"
"280290","ITABAIANA","SE","07/2025","25368"
"280290","ITABAIANA","SE","09/2025","25494"
"280290","ITABAIANA","SE","06/2025","25439"
"280290","ITABAIANA","SE","11/2025","25842"
"280290","ITABAIANA","SE","02/2025","24923"
"280290","ITABAIANA","SE","05/2025","25303"
"280300","ITABAIANINHA","SE","06/2025","15405"
"280300","ITABAIANINHA","SE","08/2025","15316"
"280300","ITABAIANINHA","SE","02/2025","15079"
"280300","ITABAIANINHA","SE","01/2025","15003"
"280300","ITABAIANINHA","SE","10/2025","15450"
"280300","ITABAIANINHA","SE","05/2025","15328"
"280300","ITABAIANINHA","SE","07/2025","15375"
"280300","ITABAIANINHA","SE","09/2025","15410"
"280300","ITABAIANINHA","SE","12/2025","15516"
"280300","ITABAIANINHA","SE","03/2025","15135"
"280300","ITABAIANINHA","SE","11/2025","15515"
"280310","ITABI","SE","05/2025","1593"
"280310","ITABI","SE","11/2025","1605"
"280310","ITABI","SE","09/2025","1584"
"280310","ITABI","SE","10/2025","1584"
"280310","ITABI","SE","03/2025","1577"
"280310","ITABI","SE","02/2025","1570"
"280310","ITABI","SE","07/2025","1594"
"280310","ITABI","SE","06/2025","1593"
"280310","ITABI","SE","12/2025","1608"
"280310","ITABI","SE","01/2025","1561"
"280310","ITABI","SE","08/2025","1580"
"280320","ITAPORANGA DAJUDA","SE","01/2025","10646"
"280320","ITAPORANGA DAJUDA","SE","03/2025","10666"
"280320","ITAPORANGA DAJUDA","SE","07/2025","10801"
"280320","ITAPORANGA DAJUDA","SE","09/2025","10759"
"280320","ITAPORANGA DAJUDA","SE","10/2025","10797"
"280320","ITAPORANGA DAJUDA","SE","05/2025","10790"
"280320","ITAPORANGA DAJUDA","SE","08/2025","10703"
"280320","ITAPORANGA DAJUDA","SE","02/2025","10651"
"280320","ITAPORANGA DAJUDA","SE","12/2025","10823"
"280320","ITAPORANGA DAJUDA","SE","06/2025","10831"
"280320","ITAPORANGA DAJUDA","SE","11/2025","10831"
"280330","JAPARATUBA","SE","09/2025","5318"
"280330","JAPARATUBA","SE","06/2025","5323"
"280330","JAPARATUBA","SE","02/2025","5143"
"280330","JAPARATUBA","SE","07/2025","5324"
"280330","JAPARATUBA","SE","11/2025","5359"
"280330","JAPARATUBA","SE","05/2025","5292"
"280330","JAPARATUBA","SE","03/2025","5175"
"280330","JAPARATUBA","SE","01/2025","5125"
"280330","JAPARATUBA","SE","08/2025","5282"
"280330","JAPARATUBA","SE","10/2025","5342"
"280330","JAPARATUBA","SE","12/2025","5376"
"280340","JAPOATÃ","SE","03/2025","5317"
"280340","JAPOATÃ","SE","05/2025","5339"
"280340","JAPOATÃ","SE","10/2025","5294"
"280340","JAPOATÃ","SE","12/2025","5294"
"280340","JAPOATÃ","SE","08/2025","5261"
"280340","JAPOATÃ","SE","01/2025","5323"
"280340","JAPOATÃ","SE","06/2025","5351"
"280340","JAPOATÃ","SE","07/2025","5344"
"280340","JAPOATÃ","SE","09/2025","5275"
"280340","JAPOATÃ","SE","11/2025","5309"
"280340","JAPOATÃ","SE","02/2025","5317"
"280350","LAGARTO","SE","05/2025","34731"
"280350","LAGARTO","SE","03/2025","34345"
"280350","LAGARTO","SE","12/2025","35085"
"280350","LAGARTO","SE","11/2025","35048"
"280350","LAGARTO","SE","01/2025","34155"
"280350","LAGARTO","SE","07/2025","35069"
"280350","LAGARTO","SE","09/2025","34901"
"280350","LAGARTO","SE","10/2025","34937"
"280350","LAGARTO","SE","06/2025","35174"
"280350","LAGARTO","SE","02/2025","34238"
"280350","LAGARTO","SE","08/2025","34897"
"280360","LARANJEIRAS","SE","03/2025","6920"
"280360","LARANJEIRAS","SE","10/2025","7165"
"280360","LARANJEIRAS","SE","11/2025","7240"
"280360","LARANJEIRAS","SE","08/2025","7042"
"280360","LARANJEIRAS","SE","06/2025","7090"
"280360","LARANJEIRAS","SE","12/2025","7283"
"280360","LARANJEIRAS","SE","09/2025","7103"
"280360","LARANJEIRAS","SE","07/2025","7091"
"280360","LARANJEIRAS","SE","02/2025","6884"
"280360","LARANJEIRAS","SE","01/2025","6854"
"280360","LARANJEIRAS","SE","05/2025","7049"
"280370","MACAMBIRA","SE","08/2025","2649"
"280370","MACAMBIRA","SE","05/2025","2686"
"280370","MACAMBIRA","SE","09/2025","2642"
"280370","MACAMBIRA","SE","06/2025","2690"
"280370","MACAMBIRA","SE","01/2025","2712"
"280370","MACAMBIRA","SE","03/2025","2677"
"280370","MACAMBIRA","SE","02/2025","2714"
"280370","MACAMBIRA","SE","07/2025","2686"
"280370","MACAMBIRA","SE","10/2025","2643"
"280370","MACAMBIRA","SE","12/2025","2631"
"280370","MACAMBIRA","SE","11/2025","2646"
"280380","MALHADA DOS BOIS","SE","08/2025","1288"
"280380","MALHADA DOS BOIS","SE","10/2025","1293"
"280380","MALHADA DOS BOIS","SE","11/2025","1287"
"280380","MALHADA DOS BOIS","SE","12/2025","1284"
"280380","MALHADA DOS BOIS","SE","05/2025","1309"
"280380","MALHADA DOS BOIS","SE","01/2025","1297"
"280380","MALHADA DOS BOIS","SE","03/2025","1297"
"280380","MALHADA DOS BOIS","SE","09/2025","1293"
"280380","MALHADA DOS BOIS","SE","07/2025","1306"
"280380","MALHADA DOS BOIS","SE","02/2025","1290"
"280380","MALHADA DOS BOIS","SE","06/2025","1312"
"280390","MALHADOR","SE","11/2025","4277"
"280390","MALHADOR","SE","05/2025","4210"
"280390","MALHADOR","SE","10/2025","4252"
"280390","MALHADOR","SE","08/2025","4201"
"280390","MALHADOR","SE","01/2025","4103"
"280390","MALHADOR","SE","06/2025","4228"
"280390","MALHADOR","SE","09/2025","4238"
"280390","MALHADOR","SE","02/2025","4149"
"280390","MALHADOR","SE","07/2025","4223"
"280390","MALHADOR","SE","03/2025","4164"
"280390","MALHADOR","SE","12/2025","4287"
"280400","MARUIM","SE","01/2025","4524"
"280400","MARUIM","SE","11/2025","4651"
"280400","MARUIM","SE","09/2025","4621"
"280400","MARUIM","SE","05/2025","4612"
"280400","MARUIM","SE","08/2025","4595"
"280400","MARUIM","SE","12/2025","4661"
"280400","MARUIM","SE","10/2025","4633"
"280400","MARUIM","SE","07/2025","4631"
"280400","MARUIM","SE","03/2025","4553"
"280400","MARUIM","SE","02/2025","4532"
"280400","MARUIM","SE","06/2025","4638"
"280410","MOITA BONITA","SE","12/2025","3483"
"280410","MOITA BONITA","SE","08/2025","3513"
"280410","MOITA BONITA","SE","01/2025","3481"
"280410","MOITA BONITA","SE","03/2025","3500"
"280410","MOITA BONITA","SE","10/2025","3506"
"280410","MOITA BONITA","SE","07/2025","3538"
"280410","MOITA BONITA","SE","02/2025","3483"
"280410","MOITA BONITA","SE","09/2025","3519"
"280410","MOITA BONITA","SE","06/2025","3539"
"280410","MOITA BONITA","SE","11/2025","3499"
"280410","MOITA BONITA","SE","05/2025","3523"
"280420","MONTE ALEGRE DE SERGIPE","SE","12/2025","5748"
"280420","MONTE ALEGRE DE SERGIPE","SE","01/2025","5587"
"280420","MONTE ALEGRE DE SERGIPE","SE","02/2025","5634"
"280420","MONTE ALEGRE DE SERGIPE","SE","05/2025","5762"
"280420","MONTE ALEGRE DE SERGIPE","SE","10/2025","5761"
"280420","MONTE ALEGRE DE SERGIPE","SE","07/2025","5741"
"280420","MONTE ALEGRE DE SERGIPE","SE","09/2025","5740"
"280420","MONTE ALEGRE DE SERGIPE","SE","06/2025","5779"
"280420","MONTE ALEGRE DE SERGIPE","SE","11/2025","5758"
"280420","MONTE ALEGRE DE SERGIPE","SE","03/2025","5665"
"280420","MONTE ALEGRE DE SERGIPE","SE","08/2025","5730"
"280430","MURIBECA","SE","05/2025","2703"
"280430","MURIBECA","SE","09/2025","2690"
"280430","MURIBECA","SE","10/2025","2687"
"280430","MURIBECA","SE","11/2025","2707"
"280430","MURIBECA","SE","12/2025","2709"
"280430","MURIBECA","SE","01/2025","2635"
"280430","MURIBECA","SE","08/2025","2691"
"280430","MURIBECA","SE","02/2025","2645"
"280430","MURIBECA","SE","07/2025","2722"
"280430","MURIBECA","SE","03/2025","2657"
"280430","MURIBECA","SE","06/2025","2725"
"280440","NEÓPOLIS","SE","12/2025","5405"
"280440","NEÓPOLIS","SE","07/2025","5332"
"280440","NEÓPOLIS","SE","02/2025","5360"
"280440","NEÓPOLIS","SE","10/2025","5343"
"280440","NEÓPOLIS","SE","09/2025","5327"
"280440","NEÓPOLIS","SE","03/2025","5382"
"280440","NEÓPOLIS","SE","06/2025","5339"
"280440","NEÓPOLIS","SE","08/2025","5284"
"280440","NEÓPOLIS","SE","01/2025","5385"
"280440","NEÓPOLIS","SE","11/2025","5342"
"280440","NEÓPOLIS","SE","05/2025","5332"
"280445","NOSSA SENHORA APARECIDA","SE","01/2025","2624"
"280445","NOSSA SENHORA APARECIDA","SE","10/2025","2620"
"280445","NOSSA SENHORA APARECIDA","SE","11/2025","2610"
"280445","NOSSA SENHORA APARECIDA","SE","08/2025","2620"
"280445","NOSSA SENHORA APARECIDA","SE","12/2025","2615"
"280445","NOSSA SENHORA APARECIDA","SE","02/2025","2622"
"280445","NOSSA SENHORA APARECIDA","SE","05/2025","2634"
"280445","NOSSA SENHORA APARECIDA","SE","06/2025","2632"
"280445","NOSSA SENHORA APARECIDA","SE","07/2025","2627"
"280445","NOSSA SENHORA APARECIDA","SE","09/2025","2626"
"280445","NOSSA SENHORA APARECIDA","SE","03/2025","2621"
"280450","NOSSA SENHORA DA GLÓRIA","SE","05/2025","11584"
"280450","NOSSA SENHORA DA GLÓRIA","SE","08/2025","11485"
"280450","NOSSA SENHORA DA GLÓRIA","SE","02/2025","11347"
"280450","NOSSA SENHORA DA GLÓRIA","SE","09/2025","11552"
"280450","NOSSA SENHORA DA GLÓRIA","SE","07/2025","11489"
"280450","NOSSA SENHORA DA GLÓRIA","SE","01/2025","11333"
"280450","NOSSA SENHORA DA GLÓRIA","SE","11/2025","11721"
"280450","NOSSA SENHORA DA GLÓRIA","SE","12/2025","11771"
"280450","NOSSA SENHORA DA GLÓRIA","SE","06/2025","11653"
"280450","NOSSA SENHORA DA GLÓRIA","SE","03/2025","11402"
"280450","NOSSA SENHORA DA GLÓRIA","SE","10/2025","11659"
"280460","NOSSA SENHORA DAS DORES","SE","11/2025","8360"
"280460","NOSSA SENHORA DAS DORES","SE","10/2025","8312"
"280460","NOSSA SENHORA DAS DORES","SE","08/2025","8264"
"280460","NOSSA SENHORA DAS DORES","SE","05/2025","8217"
"280460","NOSSA SENHORA DAS DORES","SE","03/2025","8055"
"280460","NOSSA SENHORA DAS DORES","SE","01/2025","7987"
"280460","NOSSA SENHORA DAS DORES","SE","09/2025","8286"
"280460","NOSSA SENHORA DAS DORES","SE","02/2025","7990"
"280460","NOSSA SENHORA DAS DORES","SE","07/2025","8309"
"280460","NOSSA SENHORA DAS DORES","SE","06/2025","8304"
"280460","NOSSA SENHORA DAS DORES","SE","12/2025","8422"
"280470","NOSSA SENHORA DE LOURDES","SE","12/2025","2210"
"280470","NOSSA SENHORA DE LOURDES","SE","10/2025","2169"
"280470","NOSSA SENHORA DE LOURDES","SE","07/2025","2140"
"280470","NOSSA SENHORA DE LOURDES","SE","02/2025","2049"
"280470","NOSSA SENHORA DE LOURDES","SE","08/2025","2128"
"280470","NOSSA SENHORA DE LOURDES","SE","06/2025","2134"
"280470","NOSSA SENHORA DE LOURDES","SE","03/2025","2080"
"280470","NOSSA SENHORA DE LOURDES","SE","01/2025","2014"
"280470","NOSSA SENHORA DE LOURDES","SE","09/2025","2139"
"280470","NOSSA SENHORA DE LOURDES","SE","05/2025","2116"
"280470","NOSSA SENHORA DE LOURDES","SE","11/2025","2182"
"280480","NOSSA SENHORA DO SOCORRO","SE","03/2025","57414"
"280480","NOSSA SENHORA DO SOCORRO","SE","10/2025","58676"
"280480","NOSSA SENHORA DO SOCORRO","SE","07/2025","58628"
"280480","NOSSA SENHORA DO SOCORRO","SE","09/2025","58357"
"280480","NOSSA SENHORA DO SOCORRO","SE","06/2025","58720"
"280480","NOSSA SENHORA DO SOCORRO","SE","12/2025","59139"
"280480","NOSSA SENHORA DO SOCORRO","SE","01/2025","57162"
"280480","NOSSA SENHORA DO SOCORRO","SE","08/2025","57981"
"280480","NOSSA SENHORA DO SOCORRO","SE","02/2025","57226"
"280480","NOSSA SENHORA DO SOCORRO","SE","05/2025","58256"
"280480","NOSSA SENHORA DO SOCORRO","SE","11/2025","58866"
"280490","PACATUBA","SE","12/2025","4202"
"280490","PACATUBA","SE","01/2025","3959"
"280490","PACATUBA","SE","11/2025","4131"
"280490","PACATUBA","SE","10/2025","4096"
"280490","PACATUBA","SE","02/2025","3973"
"280490","PACATUBA","SE","07/2025","4098"
"280490","PACATUBA","SE","09/2025","4082"
"280490","PACATUBA","SE","06/2025","4092"
"280490","PACATUBA","SE","03/2025","3996"
"280490","PACATUBA","SE","08/2025","4036"
"280490","PACATUBA","SE","05/2025","4076"
"280500","PEDRA MOLE","SE","01/2025","1204"
"280500","PEDRA MOLE","SE","07/2025","1233"
"280500","PEDRA MOLE","SE","06/2025","1234"
"280500","PEDRA MOLE","SE","05/2025","1233"
"280500","PEDRA MOLE","SE","11/2025","1216"
"280500","PEDRA MOLE","SE","12/2025","1216"
"280500","PEDRA MOLE","SE","02/2025","1205"
"280500","PEDRA MOLE","SE","03/2025","1210"
"280500","PEDRA MOLE","SE","08/2025","1206"
"280500","PEDRA MOLE","SE","10/2025","1213"
"280500","PEDRA MOLE","SE","09/2025","1208"
"280510","PEDRINHAS","SE","12/2025","4152"
"280510","PEDRINHAS","SE","08/2025","4246"
"280510","PEDRINHAS","SE","02/2025","4401"
"280510","PEDRINHAS","SE","11/2025","4232"
"280510","PEDRINHAS","SE","06/2025","4351"
"280510","PEDRINHAS","SE","07/2025","4302"
"280510","PEDRINHAS","SE","10/2025","4238"
"280510","PEDRINHAS","SE","05/2025","4378"
"280510","PEDRINHAS","SE","03/2025","4403"
"280510","PEDRINHAS","SE","09/2025","4240"
"280510","PEDRINHAS","SE","01/2025","4401"
"280520","PINHÃO","SE","10/2025","2235"
"280520","PINHÃO","SE","08/2025","2213"
"280520","PINHÃO","SE","12/2025","2258"
"280520","PINHÃO","SE","03/2025","2158"
"280520","PINHÃO","SE","02/2025","2144"
"280520","PINHÃO","SE","07/2025","2234"
"280520","PINHÃO","SE","09/2025","2224"
"280520","PINHÃO","SE","06/2025","2230"
"280520","PINHÃO","SE","01/2025","2126"
"280520","PINHÃO","SE","11/2025","2251"
"280520","PINHÃO","SE","05/2025","2210"
"280530","PIRAMBU","SE","08/2025","2664"
"280530","PIRAMBU","SE","03/2025","2643"
"280530","PIRAMBU","SE","09/2025","2716"
"280530","PIRAMBU","SE","10/2025","2725"
"280530","PIRAMBU","SE","05/2025","2669"
"280530","PIRAMBU","SE","11/2025","2756"
"280530","PIRAMBU","SE","02/2025","2636"
"280530","PIRAMBU","SE","06/2025","2682"
"280530","PIRAMBU","SE","01/2025","2615"
"280530","PIRAMBU","SE","07/2025","2677"
"280530","PIRAMBU","SE","12/2025","2828"
"280540","POÇO REDONDO","SE","08/2025","10444"
"280540","POÇO REDONDO","SE","02/2025","10135"
"280540","POÇO REDONDO","SE","11/2025","10610"
"280540","POÇO REDONDO","SE","01/2025","10147"
"280540","POÇO REDONDO","SE","12/2025","10673"
"280540","POÇO REDONDO","SE","06/2025","10447"
"280540","POÇO REDONDO","SE","05/2025","10395"
"280540","POÇO REDONDO","SE","09/2025","10502"
"280540","POÇO REDONDO","SE","07/2025","10478"
"280540","POÇO REDONDO","SE","10/2025","10562"
"280540","POÇO REDONDO","SE","03/2025","10239"
"280550","POÇO VERDE","SE","05/2025","8459"
"280550","POÇO VERDE","SE","01/2025","8278"
"280550","POÇO VERDE","SE","08/2025","8437"
"280550","POÇO VERDE","SE","11/2025","8616"
"280550","POÇO VERDE","SE","06/2025","8511"
"280550","POÇO VERDE","SE","07/2025","8502"
"280550","POÇO VERDE","SE","02/2025","8305"
"280550","POÇO VERDE","SE","03/2025","8345"
"280550","POÇO VERDE","SE","12/2025","8639"
"280550","POÇO VERDE","SE","09/2025","8514"
"280550","POÇO VERDE","SE","10/2025","8573"
"280560","PORTO DA FOLHA","SE","11/2025","9969"
"280560","PORTO DA FOLHA","SE","01/2025","9542"
"280560","PORTO DA FOLHA","SE","09/2025","9888"
"280560","PORTO DA FOLHA","SE","07/2025","9874"
"280560","PORTO DA FOLHA","SE","10/2025","9904"
"280560","PORTO DA FOLHA","SE","06/2025","9863"
"280560","PORTO DA FOLHA","SE","03/2025","9652"
"280560","PORTO DA FOLHA","SE","02/2025","9556"
"280560","PORTO DA FOLHA","SE","12/2025","10058"
"280560","PORTO DA FOLHA","SE","08/2025","9839"
"280560","PORTO DA FOLHA","SE","05/2025","9800"
"280570","PROPRIÁ","SE","03/2025","8012"
"280570","PROPRIÁ","SE","10/2025","8133"
"280570","PROPRIÁ","SE","05/2025","8102"
"280570","PROPRIÁ","SE","08/2025","8058"
"280570","PROPRIÁ","SE","02/2025","7956"
"280570","PROPRIÁ","SE","06/2025","8126"
"280570","PROPRIÁ","SE","09/2025","8086"
"280570","PROPRIÁ","SE","07/2025","8132"
"280570","PROPRIÁ","SE","11/2025","8157"
"280570","PROPRIÁ","SE","12/2025","8189"
"280570","PROPRIÁ","SE","01/2025","7943"
"280580","RIACHÃO DO DANTAS","SE","06/2025","7107"
"280580","RIACHÃO DO DANTAS","SE","11/2025","7094"
"280580","RIACHÃO DO DANTAS","SE","12/2025","7097"
"280580","RIACHÃO DO DANTAS","SE","08/2025","7007"
"280580","RIACHÃO DO DANTAS","SE","01/2025","7037"
"280580","RIACHÃO DO DANTAS","SE","03/2025","7040"
"280580","RIACHÃO DO DANTAS","SE","10/2025","7073"
"280580","RIACHÃO DO DANTAS","SE","09/2025","7054"
"280580","RIACHÃO DO DANTAS","SE","07/2025","7042"
"280580","RIACHÃO DO DANTAS","SE","05/2025","7091"
"280580","RIACHÃO DO DANTAS","SE","02/2025","7030"
"280590","RIACHUELO","SE","05/2025","2969"
"280590","RIACHUELO","SE","10/2025","2945"
"280590","RIACHUELO","SE","11/2025","2945"
"280590","RIACHUELO","SE","08/2025","2923"
"280590","RIACHUELO","SE","06/2025","2977"
"280590","RIACHUELO","SE","12/2025","2962"
"280590","RIACHUELO","SE","02/2025","2923"
"280590","RIACHUELO","SE","07/2025","2971"
"280590","RIACHUELO","SE","09/2025","2930"
"280590","RIACHUELO","SE","03/2025","2945"
"280590","RIACHUELO","SE","01/2025","2917"
"280600","RIBEIRÓPOLIS","SE","08/2025","4906"
"280600","RIBEIRÓPOLIS","SE","02/2025","4886"
"280600","RIBEIRÓPOLIS","SE","03/2025","4890"
"280600","RIBEIRÓPOLIS","SE","05/2025","4930"
"280600","RIBEIRÓPOLIS","SE","07/2025","4941"
"280600","RIBEIRÓPOLIS","SE","10/2025","4932"
"280600","RIBEIRÓPOLIS","SE","09/2025","4926"
"280600","RIBEIRÓPOLIS","SE","06/2025","4948"
"280600","RIBEIRÓPOLIS","SE","12/2025","4949"
"280600","RIBEIRÓPOLIS","SE","01/2025","4870"
"280600","RIBEIRÓPOLIS","SE","11/2025","4938"
"280610","ROSÁRIO DO CATETE","SE","09/2025","3421"
"280610","ROSÁRIO DO CATETE","SE","12/2025","3438"
"280610","ROSÁRIO DO CATETE","SE","07/2025","3426"
"280610","ROSÁRIO DO CATETE","SE","10/2025","3427"
"280610","ROSÁRIO DO CATETE","SE","06/2025","3428"
"280610","ROSÁRIO DO CATETE","SE","05/2025","3416"
"280610","ROSÁRIO DO CATETE","SE","01/2025","3302"
"280610","ROSÁRIO DO CATETE","SE","02/2025","3346"
"280610","ROSÁRIO DO CATETE","SE","08/2025","3406"
"280610","ROSÁRIO DO CATETE","SE","03/2025","3360"
"280610","ROSÁRIO DO CATETE","SE","11/2025","3429"
"280620","SALGADO","SE","08/2025","7502"
"280620","SALGADO","SE","07/2025","7541"
"280620","SALGADO","SE","06/2025","7562"
"280620","SALGADO","SE","09/2025","7554"
"280620","SALGADO","SE","02/2025","7431"
"280620","SALGADO","SE","03/2025","7451"
"280620","SALGADO","SE","10/2025","7584"
"280620","SALGADO","SE","12/2025","7614"
"280620","SALGADO","SE","01/2025","7393"
"280620","SALGADO","SE","05/2025","7530"
"280620","SALGADO","SE","11/2025","7612"
"280630","SANTA LUZIA DO ITANHY","SE","01/2025","4864"
"280630","SANTA LUZIA DO ITANHY","SE","06/2025","4891"
"280630","SANTA LUZIA DO ITANHY","SE","03/2025","4852"
"280630","SANTA LUZIA DO ITANHY","SE","12/2025","4854"
"280630","SANTA LUZIA DO ITANHY","SE","10/2025","4859"
"280630","SANTA LUZIA DO ITANHY","SE","02/2025","4852"
"280630","SANTA LUZIA DO ITANHY","SE","09/2025","4845"
"280630","SANTA LUZIA DO ITANHY","SE","08/2025","4841"
"280630","SANTA LUZIA DO ITANHY","SE","05/2025","4874"
"280630","SANTA LUZIA DO ITANHY","SE","11/2025","4853"
"280630","SANTA LUZIA DO ITANHY","SE","07/2025","4868"
"280640","SANTANA DO SÃO FRANCISCO","SE","09/2025","2936"
"280640","SANTANA DO SÃO FRANCISCO","SE","10/2025","2933"
"280640","SANTANA DO SÃO FRANCISCO","SE","01/2025","2951"
"280640","SANTANA DO SÃO FRANCISCO","SE","03/2025","2964"
"280640","SANTANA DO SÃO FRANCISCO","SE","05/2025","2981"
"280640","SANTANA DO SÃO FRANCISCO","SE","07/2025","2982"
"280640","SANTANA DO SÃO FRANCISCO","SE","06/2025","2995"
"280640","SANTANA DO SÃO FRANCISCO","SE","12/2025","2917"
"280640","SANTANA DO SÃO FRANCISCO","SE","02/2025","2952"
"280640","SANTANA DO SÃO FRANCISCO","SE","08/2025","2955"
"280640","SANTANA DO SÃO FRANCISCO","SE","11/2025","2931"
"280650","SANTA ROSA DE LIMA","SE","02/2025","1196"
"280650","SANTA ROSA DE LIMA","SE","01/2025","1198"
"280650","SANTA ROSA DE LIMA","SE","03/2025","1196"
"280650","SANTA ROSA DE LIMA","SE","10/2025","1191"
"280650","SANTA ROSA DE LIMA","SE","07/2025","1230"
"280650","SANTA ROSA DE LIMA","SE","06/2025","1234"
"280650","SANTA ROSA DE LIMA","SE","08/2025","1192"
"280650","SANTA ROSA DE LIMA","SE","11/2025","1194"
"280650","SANTA ROSA DE LIMA","SE","05/2025","1232"
"280650","SANTA ROSA DE LIMA","SE","12/2025","1195"
"280650","SANTA ROSA DE LIMA","SE","09/2025","1190"
"280660","SANTO AMARO DAS BROTAS","SE","01/2025","3769"
"280660","SANTO AMARO DAS BROTAS","SE","06/2025","3771"
"280660","SANTO AMARO DAS BROTAS","SE","10/2025","3655"
"280660","SANTO AMARO DAS BROTAS","SE","11/2025","3646"
"280660","SANTO AMARO DAS BROTAS","SE","03/2025","3759"
"280660","SANTO AMARO DAS BROTAS","SE","12/2025","3647"
"280660","SANTO AMARO DAS BROTAS","SE","02/2025","3771"
"280660","SANTO AMARO DAS BROTAS","SE","09/2025","3663"
"280660","SANTO AMARO DAS BROTAS","SE","05/2025","3773"
"280660","SANTO AMARO DAS BROTAS","SE","07/2025","3742"
"280660","SANTO AMARO DAS BROTAS","SE","08/2025","3669"
"280670","SÃO CRISTÓVÃO","SE","09/2025","23607"
"280670","SÃO CRISTÓVÃO","SE","01/2025","22872"
"280670","SÃO CRISTÓVÃO","SE","08/2025","23365"
"280670","SÃO CRISTÓVÃO","SE","10/2025","23943"
"280670","SÃO CRISTÓVÃO","SE","03/2025","23204"
"280670","SÃO CRISTÓVÃO","SE","02/2025","23039"
"280670","SÃO CRISTÓVÃO","SE","07/2025","23583"
"280670","SÃO CRISTÓVÃO","SE","06/2025","23812"
"280670","SÃO CRISTÓVÃO","SE","11/2025","24131"
"280670","SÃO CRISTÓVÃO","SE","05/2025","23736"
"280670","SÃO CRISTÓVÃO","SE","12/2025","24349"
"280680","SÃO DOMINGOS","SE","01/2025","3315"
"280680","SÃO DOMINGOS","SE","12/2025","3554"
"280680","SÃO DOMINGOS","SE","03/2025","3353"
"280680","SÃO DOMINGOS","SE","05/2025","3455"
"280680","SÃO DOMINGOS","SE","10/2025","3534"
"280680","SÃO DOMINGOS","SE","02/2025","3328"
"280680","SÃO DOMINGOS","SE","07/2025","3512"
"280680","SÃO DOMINGOS","SE","06/2025","3485"
"280680","SÃO DOMINGOS","SE","08/2025","3500"
"280680","SÃO DOMINGOS","SE","11/2025","3559"
"280680","SÃO DOMINGOS","SE","09/2025","3525"
"280690","SÃO FRANCISCO","SE","09/2025","1256"
"280690","SÃO FRANCISCO","SE","11/2025","1278"
"280690","SÃO FRANCISCO","SE","05/2025","1242"
"280690","SÃO FRANCISCO","SE","12/2025","1281"
"280690","SÃO FRANCISCO","SE","08/2025","1252"
"280690","SÃO FRANCISCO","SE","02/2025","1242"
"280690","SÃO FRANCISCO","SE","01/2025","1249"
"280690","SÃO FRANCISCO","SE","03/2025","1239"
"280690","SÃO FRANCISCO","SE","06/2025","1251"
"280690","SÃO FRANCISCO","SE","07/2025","1253"
"280690","SÃO FRANCISCO","SE","10/2025","1276"
"280700","SÃO MIGUEL DO ALEIXO","SE","03/2025","1443"
"280700","SÃO MIGUEL DO ALEIXO","SE","05/2025","1451"
"280700","SÃO MIGUEL DO ALEIXO","SE","11/2025","1476"
"280700","SÃO MIGUEL DO ALEIXO","SE","12/2025","1482"
"280700","SÃO MIGUEL DO ALEIXO","SE","09/2025","1449"
"280700","SÃO MIGUEL DO ALEIXO","SE","06/2025","1451"
"280700","SÃO MIGUEL DO ALEIXO","SE","01/2025","1425"
"280700","SÃO MIGUEL DO ALEIXO","SE","02/2025","1433"
"280700","SÃO MIGUEL DO ALEIXO","SE","08/2025","1438"
"280700","SÃO MIGUEL DO ALEIXO","SE","10/2025","1464"
"280700","SÃO MIGUEL DO ALEIXO","SE","07/2025","1449"
"280710","SIMÃO DIAS","SE","09/2025","15788"
"280710","SIMÃO DIAS","SE","10/2025","15839"
"280710","SIMÃO DIAS","SE","03/2025","15905"
"280710","SIMÃO DIAS","SE","02/2025","15879"
"280710","SIMÃO DIAS","SE","07/2025","15945"
"280710","SIMÃO DIAS","SE","05/2025","15926"
"280710","SIMÃO DIAS","SE","06/2025","15986"
"280710","SIMÃO DIAS","SE","12/2025","16042"
"280710","SIMÃO DIAS","SE","01/2025","15877"
"280710","SIMÃO DIAS","SE","08/2025","15741"
"280710","SIMÃO DIAS","SE","11/2025","15927"
"280720","SIRIRI","SE","02/2025","2651"
"280720","SIRIRI","SE","03/2025","2656"
"280720","SIRIRI","SE","01/2025","2653"
"280720","SIRIRI","SE","11/2025","2673"
"280720","SIRIRI","SE","05/2025","2696"
"280720","SIRIRI","SE","07/2025","2694"
"280720","SIRIRI","SE","10/2025","2667"
"280720","SIRIRI","SE","09/2025","2661"
"280720","SIRIRI","SE","08/2025","2648"
"280720","SIRIRI","SE","06/2025","2709"
"280720","SIRIRI","SE","12/2025","2670"
"280730","TELHA","SE","05/2025","1260"
"280730","TELHA","SE","09/2025","1241"
"280730","TELHA","SE","11/2025","1243"
"280730","TELHA","SE","10/2025","1239"
"280730","TELHA","SE","08/2025","1238"
"280730","TELHA","SE","02/2025","1252"
"280730","TELHA","SE","12/2025","1238"
"280730","TELHA","SE","06/2025","1259"
"280730","TELHA","SE","07/2025","1260"
"280730","TELHA","SE","01/2025","1240"
"280730","TELHA","SE","03/2025","1256"
"280740","TOBIAS BARRETO","SE","02/2025","19516"
"280740","TOBIAS BARRETO","SE","12/2025","19947"
"280740","TOBIAS BARRETO","SE","08/2025","19821"
"280740","TOBIAS BARRETO","SE","01/2025","19447"
"280740","TOBIAS BARRETO","SE","06/2025","20004"
"280740","TOBIAS BARRETO","SE","03/2025","19621"
"280740","TOBIAS BARRETO","SE","05/2025","19893"
"280740","TOBIAS BARRETO","SE","11/2025","19961"
"280740","TOBIAS BARRETO","SE","07/2025","19935"
"280740","TOBIAS BARRETO","SE","09/2025","19872"
"280740","TOBIAS BARRETO","SE","10/2025","19908"
"280750","TOMAR DO GERU","SE","12/2025","4118"
"280750","TOMAR DO GERU","SE","09/2025","4074"
"280750","TOMAR DO GERU","SE","06/2025","4082"
"280750","TOMAR DO GERU","SE","08/2025","4047"
"280750","TOMAR DO GERU","SE","03/2025","4025"
"280750","TOMAR DO GERU","SE","01/2025","4006"
"280750","TOMAR DO GERU","SE","02/2025","4015"
"280750","TOMAR DO GERU","SE","10/2025","4084"
"280750","TOMAR DO GERU","SE","07/2025","4068"
"280750","TOMAR DO GERU","SE","05/2025","4065"
"280750","TOMAR DO GERU","SE","11/2025","4094"
"280760","UMBAÚBA","SE","12/2025","9456"
"280760","UMBAÚBA","SE","09/2025","9425"
"280760","UMBAÚBA","SE","11/2025","9472"
"280760","UMBAÚBA","SE","03/2025","9305"
"280760","UMBAÚBA","SE","02/2025","9289"
"280760","UMBAÚBA","SE","07/2025","9402"
"280760","UMBAÚBA","SE","06/2025","9467"
"280760","UMBAÚBA","SE","01/2025","9270"
"280760","UMBAÚBA","SE","08/2025","9330"
"280760","UMBAÚBA","SE","05/2025","9434"
"280760","UMBAÚBA","SE","10/2025","9453"
