"Código","Unidade Territorial","UF","Referência","Número de famílias cadastradas no Cadastro Único em situação de pobreza, segundo a faixa do Programa Bolsa Família*","Número de famílias cadastradas no Cadastro Único com renda per capita de até meio salário-mínimo (Pobreza + Baixa renda)","Número de famílias cadastradas no Cadastro Único com renda per capita acima de meio salário-mínimo***"
"280010","AMPARO DE SÃO FRANCISCO","SE","10/2025","291","455","269"
"280010","AMPARO DE SÃO FRANCISCO","SE","11/2025","288","453","273"
"280010","AMPARO DE SÃO FRANCISCO","SE","12/2025","282","445","281"
"280010","AMPARO DE SÃO FRANCISCO","SE","08/2025","308","463","246"
"280010","AMPARO DE SÃO FRANCISCO","SE","03/2025","338","473","217"
"280010","AMPARO DE SÃO FRANCISCO","SE","06/2025","326","464","239"
"280010","AMPARO DE SÃO FRANCISCO","SE","01/2025","280","444","235"
"280010","AMPARO DE SÃO FRANCISCO","SE","02/2025","313","452","228"
"280010","AMPARO DE SÃO FRANCISCO","SE","05/2025","330","465","234"
"280010","AMPARO DE SÃO FRANCISCO","SE","07/2025","312","461","246"
"280010","AMPARO DE SÃO FRANCISCO","SE","09/2025","299","461","255"
"280020","AQUIDABÃ","SE","03/2025","3481","4396","1459"
"280020","AQUIDABÃ","SE","10/2025","3427","4379","1694"
"280020","AQUIDABÃ","SE","09/2025","3413","4361","1665"
"280020","AQUIDABÃ","SE","05/2025","3498","4357","1604"
"280020","AQUIDABÃ","SE","06/2025","3468","4350","1645"
"280020","AQUIDABÃ","SE","11/2025","3446","4400","1714"
"280020","AQUIDABÃ","SE","12/2025","3474","4414","1710"
"280020","AQUIDABÃ","SE","08/2025","3401","4340","1624"
"280020","AQUIDABÃ","SE","02/2025","3416","4359","1470"
"280020","AQUIDABÃ","SE","07/2025","3436","4333","1660"
"280020","AQUIDABÃ","SE","01/2025","3320","4365","1434"
"280030","ARACAJU","SE","10/2025","56571","81810","37346"
"280030","ARACAJU","SE","12/2025","56373","81546","38170"
"280030","ARACAJU","SE","11/2025","56396","81625","37943"
"280030","ARACAJU","SE","09/2025","56707","81987","36606"
"280030","ARACAJU","SE","05/2025","58286","83986","34931"
"280030","ARACAJU","SE","03/2025","59372","85147","32392"
"280030","ARACAJU","SE","06/2025","57818","83626","36058"
"280030","ARACAJU","SE","08/2025","56583","81870","35778"
"280030","ARACAJU","SE","07/2025","56823","82245","36552"
"280030","ARACAJU","SE","01/2025","59323","84878","31285"
"280030","ARACAJU","SE","02/2025","58754","84425","32420"
"280040","ARAUÁ","SE","01/2025","2190","2842","932"
"280040","ARAUÁ","SE","07/2025","2192","2810","1073"
"280040","ARAUÁ","SE","08/2025","2189","2807","1055"
"280040","ARAUÁ","SE","06/2025","2188","2808","1059"
"280040","ARAUÁ","SE","10/2025","2185","2808","1089"
"280040","ARAUÁ","SE","02/2025","2185","2831","955"
"280040","ARAUÁ","SE","05/2025","2193","2818","1026"
"280040","ARAUÁ","SE","11/2025","2181","2808","1116"
"280040","ARAUÁ","SE","03/2025","2212","2851","950"
"280040","ARAUÁ","SE","12/2025","2188","2808","1122"
"280040","ARAUÁ","SE","09/2025","2182","2808","1068"
"280050","AREIA BRANCA","SE","03/2025","2508","3635","1455"
"280050","AREIA BRANCA","SE","08/2025","2479","3590","1542"
"280050","AREIA BRANCA","SE","11/2025","2489","3590","1639"
"280050","AREIA BRANCA","SE","07/2025","2484","3603","1619"
"280050","AREIA BRANCA","SE","02/2025","2440","3592","1475"
"280050","AREIA BRANCA","SE","06/2025","2513","3624","1607"
"280050","AREIA BRANCA","SE","05/2025","2509","3615","1559"
"280050","AREIA BRANCA","SE","09/2025","2489","3601","1580"
"280050","AREIA BRANCA","SE","01/2025","2466","3637","1430"
"280050","AREIA BRANCA","SE","12/2025","2488","3596","1631"
"280050","AREIA BRANCA","SE","10/2025","2469","3594","1613"
"280060","BARRA DOS COQUEIROS","SE","05/2025","4985","6901","3115"
"280060","BARRA DOS COQUEIROS","SE","02/2025","4746","6729","2997"
"280060","BARRA DOS COQUEIROS","SE","11/2025","4908","6969","3375"
"280060","BARRA DOS COQUEIROS","SE","07/2025","4875","6877","3307"
"280060","BARRA DOS COQUEIROS","SE","01/2025","4836","6830","2903"
"280060","BARRA DOS COQUEIROS","SE","06/2025","4935","6889","3229"
"280060","BARRA DOS COQUEIROS","SE","12/2025","4918","6999","3392"
"280060","BARRA DOS COQUEIROS","SE","10/2025","4924","6984","3300"
"280060","BARRA DOS COQUEIROS","SE","08/2025","4909","6895","3203"
"280060","BARRA DOS COQUEIROS","SE","03/2025","4857","6822","2968"
"280060","BARRA DOS COQUEIROS","SE","09/2025","4905","6947","3250"
"280067","BOQUIM","SE","05/2025","4918","6158","2205"
"280067","BOQUIM","SE","06/2025","4881","6151","2270"
"280067","BOQUIM","SE","08/2025","4803","6103","2267"
"280067","BOQUIM","SE","11/2025","4785","6109","2466"
"280067","BOQUIM","SE","12/2025","4805","6111","2517"
"280067","BOQUIM","SE","03/2025","4983","6223","2031"
"280067","BOQUIM","SE","02/2025","4907","6159","2035"
"280067","BOQUIM","SE","10/2025","4803","6129","2393"
"280067","BOQUIM","SE","01/2025","4788","6105","2014"
"280067","BOQUIM","SE","07/2025","4815","6100","2313"
"280067","BOQUIM","SE","09/2025","4809","6126","2334"
"280070","BREJO GRANDE","SE","11/2025","1370","1784","474"
"280070","BREJO GRANDE","SE","09/2025","1385","1793","467"
"280070","BREJO GRANDE","SE","10/2025","1377","1785","473"
"280070","BREJO GRANDE","SE","08/2025","1384","1789","464"
"280070","BREJO GRANDE","SE","06/2025","1395","1819","449"
"280070","BREJO GRANDE","SE","07/2025","1386","1800","461"
"280070","BREJO GRANDE","SE","02/2025","1392","1833","387"
"280070","BREJO GRANDE","SE","12/2025","1371","1792","475"
"280070","BREJO GRANDE","SE","03/2025","1405","1842","390"
"280070","BREJO GRANDE","SE","05/2025","1399","1822","437"
"280070","BREJO GRANDE","SE","01/2025","1409","1842","376"
"280100","CAMPO DO BRITO","SE","10/2025","2891","3889","1581"
"280100","CAMPO DO BRITO","SE","05/2025","2946","3951","1421"
"280100","CAMPO DO BRITO","SE","08/2025","2899","3908","1471"
"280100","CAMPO DO BRITO","SE","01/2025","2910","3935","1299"
"280100","CAMPO DO BRITO","SE","06/2025","2924","3929","1471"
"280100","CAMPO DO BRITO","SE","09/2025","2895","3906","1522"
"280100","CAMPO DO BRITO","SE","07/2025","2904","3911","1488"
"280100","CAMPO DO BRITO","SE","02/2025","2909","3933","1327"
"280100","CAMPO DO BRITO","SE","11/2025","2895","3895","1604"
"280100","CAMPO DO BRITO","SE","03/2025","2941","3963","1330"
"280100","CAMPO DO BRITO","SE","12/2025","2892","3899","1608"
"280110","CANHOBA","SE","01/2025","1245","1494","425"
"280110","CANHOBA","SE","10/2025","1176","1396","538"
"280110","CANHOBA","SE","05/2025","1238","1448","498"
"280110","CANHOBA","SE","03/2025","1233","1481","447"
"280110","CANHOBA","SE","12/2025","1169","1401","545"
"280110","CANHOBA","SE","11/2025","1167","1396","546"
"280110","CANHOBA","SE","06/2025","1227","1438","515"
"280110","CANHOBA","SE","08/2025","1183","1398","517"
"280110","CANHOBA","SE","09/2025","1177","1394","532"
"280110","CANHOBA","SE","07/2025","1180","1399","538"
"280110","CANHOBA","SE","02/2025","1228","1478","449"
"280120","CANINDÉ DE SÃO FRANCISCO","SE","09/2025","5797","7461","2206"
"280120","CANINDÉ DE SÃO FRANCISCO","SE","06/2025","5898","7484","2174"
"280120","CANINDÉ DE SÃO FRANCISCO","SE","03/2025","5977","7520","1960"
"280120","CANINDÉ DE SÃO FRANCISCO","SE","02/2025","5920","7471","1973"
"280120","CANINDÉ DE SÃO FRANCISCO","SE","01/2025","5901","7479","1955"
"280120","CANINDÉ DE SÃO FRANCISCO","SE","10/2025","5820","7467","2251"
"280120","CANINDÉ DE SÃO FRANCISCO","SE","11/2025","5824","7467","2314"
"280120","CANINDÉ DE SÃO FRANCISCO","SE","07/2025","5825","7444","2197"
"280120","CANINDÉ DE SÃO FRANCISCO","SE","12/2025","5826","7475","2335"
"280120","CANINDÉ DE SÃO FRANCISCO","SE","05/2025","6005","7506","2090"
"280120","CANINDÉ DE SÃO FRANCISCO","SE","08/2025","5806","7442","2168"
"280130","CAPELA","SE","01/2025","5337","6953","1965"
"280130","CAPELA","SE","11/2025","5395","6973","2276"
"280130","CAPELA","SE","08/2025","5240","6819","2203"
"280130","CAPELA","SE","12/2025","5423","6987","2295"
"280130","CAPELA","SE","02/2025","5266","6878","2022"
"280130","CAPELA","SE","03/2025","5291","6887","2021"
"280130","CAPELA","SE","06/2025","5250","6849","2201"
"280130","CAPELA","SE","09/2025","5312","6879","2217"
"280130","CAPELA","SE","07/2025","5200","6803","2230"
"280130","CAPELA","SE","05/2025","5262","6856","2159"
"280130","CAPELA","SE","10/2025","5332","6898","2230"
"280140","CARIRA","SE","10/2025","4671","5559","1528"
"280140","CARIRA","SE","11/2025","4667","5564","1546"
"280140","CARIRA","SE","09/2025","4679","5565","1483"
"280140","CARIRA","SE","12/2025","4667","5566","1556"
"280140","CARIRA","SE","01/2025","4642","5533","1281"
"280140","CARIRA","SE","03/2025","4681","5582","1310"
"280140","CARIRA","SE","08/2025","4654","5552","1453"
"280140","CARIRA","SE","02/2025","4648","5542","1317"
"280140","CARIRA","SE","06/2025","4679","5592","1464"
"280140","CARIRA","SE","07/2025","4662","5576","1498"
"280140","CARIRA","SE","05/2025","4689","5597","1422"
"280150","CARMÓPOLIS","SE","03/2025","2200","2907","1151"
"280150","CARMÓPOLIS","SE","11/2025","2209","2935","1273"
"280150","CARMÓPOLIS","SE","08/2025","2127","2869","1225"
"280150","CARMÓPOLIS","SE","06/2025","2146","2876","1241"
"280150","CARMÓPOLIS","SE","10/2025","2194","2919","1258"
"280150","CARMÓPOLIS","SE","12/2025","2214","2944","1267"
"280150","CARMÓPOLIS","SE","02/2025","2165","2885","1171"
"280150","CARMÓPOLIS","SE","05/2025","2201","2880","1203"
"280150","CARMÓPOLIS","SE","07/2025","2114","2860","1259"
"280150","CARMÓPOLIS","SE","01/2025","2192","2947","1157"
"280150","CARMÓPOLIS","SE","09/2025","2177","2914","1248"
"280160","CEDRO DE SÃO JOÃO","SE","05/2025","869","1155","420"
"280160","CEDRO DE SÃO JOÃO","SE","11/2025","851","1120","484"
"280160","CEDRO DE SÃO JOÃO","SE","02/2025","884","1184","385"
"280160","CEDRO DE SÃO JOÃO","SE","08/2025","852","1134","444"
"280160","CEDRO DE SÃO JOÃO","SE","09/2025","855","1128","460"
"280160","CEDRO DE SÃO JOÃO","SE","10/2025","847","1121","475"
"280160","CEDRO DE SÃO JOÃO","SE","03/2025","891","1192","382"
"280160","CEDRO DE SÃO JOÃO","SE","07/2025","849","1128","443"
"280160","CEDRO DE SÃO JOÃO","SE","06/2025","856","1144","432"
"280160","CEDRO DE SÃO JOÃO","SE","12/2025","863","1131","493"
"280160","CEDRO DE SÃO JOÃO","SE","01/2025","880","1184","387"
"280170","CRISTINÁPOLIS","SE","12/2025","3713","4705","1560"
"280170","CRISTINÁPOLIS","SE","06/2025","3601","4582","1513"
"280170","CRISTINÁPOLIS","SE","05/2025","3606","4586","1468"
"280170","CRISTINÁPOLIS","SE","03/2025","3628","4652","1324"
"280170","CRISTINÁPOLIS","SE","09/2025","3642","4616","1497"
"280170","CRISTINÁPOLIS","SE","02/2025","3572","4605","1328"
"280170","CRISTINÁPOLIS","SE","07/2025","3565","4552","1513"
"280170","CRISTINÁPOLIS","SE","08/2025","3593","4572","1469"
"280170","CRISTINÁPOLIS","SE","01/2025","3567","4616","1298"
"280170","CRISTINÁPOLIS","SE","11/2025","3664","4654","1557"
"280170","CRISTINÁPOLIS","SE","10/2025","3648","4623","1526"
"280190","CUMBE","SE","12/2025","794","1010","378"
"280190","CUMBE","SE","01/2025","894","1107","274"
"280190","CUMBE","SE","10/2025","811","1027","353"
"280190","CUMBE","SE","06/2025","877","1079","328"
"280190","CUMBE","SE","09/2025","832","1039","342"
"280190","CUMBE","SE","02/2025","912","1106","280"
"280190","CUMBE","SE","07/2025","857","1059","341"
"280190","CUMBE","SE","03/2025","922","1119","278"
"280190","CUMBE","SE","08/2025","840","1037","335"
"280190","CUMBE","SE","05/2025","893","1094","314"
"280190","CUMBE","SE","11/2025","806","1022","372"
"280200","DIVINA PASTORA","SE","09/2025","703","1010","382"
"280200","DIVINA PASTORA","SE","11/2025","683","1001","409"
"280200","DIVINA PASTORA","SE","05/2025","752","997","362"
"280200","DIVINA PASTORA","SE","08/2025","717","1009","373"
"280200","DIVINA PASTORA","SE","12/2025","668","987","425"
"280200","DIVINA PASTORA","SE","03/2025","742","988","337"
"280200","DIVINA PASTORA","SE","06/2025","735","1002","371"
"280200","DIVINA PASTORA","SE","02/2025","722","969","343"
"280200","DIVINA PASTORA","SE","10/2025","706","1011","396"
"280200","DIVINA PASTORA","SE","07/2025","721","996","384"
"280200","DIVINA PASTORA","SE","01/2025","646","939","351"
"280210","ESTÂNCIA","SE","05/2025","11382","15164","5988"
"280210","ESTÂNCIA","SE","06/2025","11268","15082","6159"
"280210","ESTÂNCIA","SE","08/2025","11115","14874","6194"
"280210","ESTÂNCIA","SE","11/2025","11060","14850","6480"
"280210","ESTÂNCIA","SE","01/2025","11405","15261","5447"
"280210","ESTÂNCIA","SE","10/2025","11111","14890","6386"
"280210","ESTÂNCIA","SE","07/2025","11171","14981","6273"
"280210","ESTÂNCIA","SE","09/2025","11124","14904","6298"
"280210","ESTÂNCIA","SE","03/2025","11507","15320","5579"
"280210","ESTÂNCIA","SE","02/2025","11336","15184","5599"
"280210","ESTÂNCIA","SE","12/2025","11041","14823","6521"
"280220","FEIRA NOVA","SE","01/2025","1298","1591","421"
"280220","FEIRA NOVA","SE","12/2025","1263","1555","562"
"280220","FEIRA NOVA","SE","03/2025","1309","1597","440"
"280220","FEIRA NOVA","SE","07/2025","1287","1557","513"
"280220","FEIRA NOVA","SE","02/2025","1303","1592","433"
"280220","FEIRA NOVA","SE","08/2025","1296","1566","518"
"280220","FEIRA NOVA","SE","05/2025","1297","1569","489"
"280220","FEIRA NOVA","SE","11/2025","1270","1554","557"
"280220","FEIRA NOVA","SE","10/2025","1281","1564","544"
"280220","FEIRA NOVA","SE","09/2025","1287","1567","541"
"280220","FEIRA NOVA","SE","06/2025","1287","1563","505"
"280230","FREI PAULO","SE","05/2025","2729","3603","1358"
"280230","FREI PAULO","SE","03/2025","2730","3642","1274"
"280230","FREI PAULO","SE","09/2025","2638","3531","1410"
"280230","FREI PAULO","SE","02/2025","2720","3627","1270"
"280230","FREI PAULO","SE","10/2025","2619","3523","1436"
"280230","FREI PAULO","SE","07/2025","2680","3557","1420"
"280230","FREI PAULO","SE","08/2025","2654","3538","1394"
"280230","FREI PAULO","SE","11/2025","2597","3523","1452"
"280230","FREI PAULO","SE","06/2025","2710","3590","1395"
"280230","FREI PAULO","SE","12/2025","2576","3494","1464"
"280230","FREI PAULO","SE","01/2025","2738","3645","1237"
"280240","GARARU","SE","01/2025","2560","3089","678"
"280240","GARARU","SE","12/2025","2534","3086","910"
"280240","GARARU","SE","08/2025","2531","3054","798"
"280240","GARARU","SE","03/2025","2563","3079","696"
"280240","GARARU","SE","05/2025","2559","3059","775"
"280240","GARARU","SE","11/2025","2511","3045","878"
"280240","GARARU","SE","06/2025","2532","3045","803"
"280240","GARARU","SE","09/2025","2528","3051","823"
"280240","GARARU","SE","10/2025","2517","3034","859"
"280240","GARARU","SE","02/2025","2554","3075","696"
"280240","GARARU","SE","07/2025","2519","3043","817"
"280250","GENERAL MAYNARD","SE","11/2025","761","905","516"
"280250","GENERAL MAYNARD","SE","05/2025","786","910","469"
"280250","GENERAL MAYNARD","SE","01/2025","715","868","416"
"280250","GENERAL MAYNARD","SE","07/2025","762","900","494"
"280250","GENERAL MAYNARD","SE","08/2025","761","900","491"
"280250","GENERAL MAYNARD","SE","10/2025","765","908","511"
"280250","GENERAL MAYNARD","SE","06/2025","768","900","485"
"280250","GENERAL MAYNARD","SE","12/2025","768","912","517"
"280250","GENERAL MAYNARD","SE","09/2025","765","906","497"
"280250","GENERAL MAYNARD","SE","03/2025","784","918","437"
"280250","GENERAL MAYNARD","SE","02/2025","751","894","419"
"280260","GRACHO CARDOSO","SE","02/2025","1983","2250","560"
"280260","GRACHO CARDOSO","SE","09/2025","2059","2289","661"
"280260","GRACHO CARDOSO","SE","05/2025","2056","2291","612"
"280260","GRACHO CARDOSO","SE","11/2025","2036","2278","682"
"280260","GRACHO CARDOSO","SE","08/2025","2063","2291","651"
"280260","GRACHO CARDOSO","SE","06/2025","2057","2289","635"
"280260","GRACHO CARDOSO","SE","12/2025","2039","2269","698"
"280260","GRACHO CARDOSO","SE","07/2025","2053","2280","651"
"280260","GRACHO CARDOSO","SE","10/2025","2045","2282","666"
"280260","GRACHO CARDOSO","SE","01/2025","1912","2210","531"
"280260","GRACHO CARDOSO","SE","03/2025","2025","2277","565"
"280270","ILHA DAS FLORES","SE","01/2025","2108","2439","549"
"280270","ILHA DAS FLORES","SE","06/2025","2089","2396","648"
"280270","ILHA DAS FLORES","SE","02/2025","2099","2431","566"
"280270","ILHA DAS FLORES","SE","03/2025","2109","2436","576"
"280270","ILHA DAS FLORES","SE","07/2025","2083","2383","660"
"280270","ILHA DAS FLORES","SE","12/2025","2093","2386","686"
"280270","ILHA DAS FLORES","SE","09/2025","2089","2380","657"
"280270","ILHA DAS FLORES","SE","05/2025","2103","2408","624"
"280270","ILHA DAS FLORES","SE","08/2025","2094","2385","650"
"280270","ILHA DAS FLORES","SE","10/2025","2078","2375","666"
"280270","ILHA DAS FLORES","SE","11/2025","2081","2381","677"
"280280","INDIAROBA","SE","01/2025","2886","3659","895"
"280280","INDIAROBA","SE","05/2025","2910","3632","965"
"280280","INDIAROBA","SE","03/2025","2915","3658","893"
"280280","INDIAROBA","SE","09/2025","2873","3635","986"
"280280","INDIAROBA","SE","02/2025","2870","3632","905"
"280280","INDIAROBA","SE","10/2025","2873","3642","1022"
"280280","INDIAROBA","SE","07/2025","2867","3617","997"
"280280","INDIAROBA","SE","12/2025","2869","3665","1053"
"280280","INDIAROBA","SE","06/2025","2906","3639","991"
"280280","INDIAROBA","SE","11/2025","2873","3656","1031"
"280280","INDIAROBA","SE","08/2025","2859","3615","965"
"280290","ITABAIANA","SE","08/2025","11291","17386","7678"
"280290","ITABAIANA","SE","12/2025","11136","17624","8361"
"280290","ITABAIANA","SE","10/2025","11206","17554","8132"
"280290","ITABAIANA","SE","01/2025","12080","18115","6780"
"280290","ITABAIANA","SE","03/2025","11916","18030","7028"
"280290","ITABAIANA","SE","07/2025","11425","17520","7848"
"280290","ITABAIANA","SE","09/2025","11258","17505","7989"
"280290","ITABAIANA","SE","06/2025","11617","17740","7699"
"280290","ITABAIANA","SE","11/2025","11120","17564","8278"
"280290","ITABAIANA","SE","02/2025","11864","17934","6989"
"280290","ITABAIANA","SE","05/2025","11715","17793","7510"
"280300","ITABAIANINHA","SE","06/2025","10671","12420","2985"
"280300","ITABAIANINHA","SE","08/2025","10566","12319","2997"
"280300","ITABAIANINHA","SE","02/2025","10640","12359","2720"
"280300","ITABAIANINHA","SE","01/2025","10693","12362","2641"
"280300","ITABAIANINHA","SE","10/2025","10511","12286","3164"
"280300","ITABAIANINHA","SE","05/2025","10702","12429","2899"
"280300","ITABAIANINHA","SE","07/2025","10565","12320","3055"
"280300","ITABAIANINHA","SE","09/2025","10539","12311","3099"
"280300","ITABAIANINHA","SE","12/2025","10457","12255","3261"
"280300","ITABAIANINHA","SE","03/2025","10708","12434","2701"
"280300","ITABAIANINHA","SE","11/2025","10470","12278","3237"
"280310","ITABI","SE","05/2025","904","1117","476"
"280310","ITABI","SE","11/2025","858","1083","522"
"280310","ITABI","SE","09/2025","855","1087","497"
"280310","ITABI","SE","10/2025","856","1085","499"
"280310","ITABI","SE","03/2025","935","1170","407"
"280310","ITABI","SE","02/2025","927","1161","409"
"280310","ITABI","SE","07/2025","864","1093","501"
"280310","ITABI","SE","06/2025","877","1099","494"
"280310","ITABI","SE","12/2025","859","1080","528"
"280310","ITABI","SE","01/2025","926","1163","398"
"280310","ITABI","SE","08/2025","864","1085","495"
"280320","ITAPORANGA DAJUDA","SE","01/2025","6303","8260","2386"
"280320","ITAPORANGA DAJUDA","SE","03/2025","6241","8176","2490"
"280320","ITAPORANGA DAJUDA","SE","07/2025","6012","7974","2827"
"280320","ITAPORANGA DAJUDA","SE","09/2025","5927","7903","2856"
"280320","ITAPORANGA DAJUDA","SE","10/2025","5924","7895","2902"
"280320","ITAPORANGA DAJUDA","SE","05/2025","6134","8055","2735"
"280320","ITAPORANGA DAJUDA","SE","08/2025","5971","7927","2776"
"280320","ITAPORANGA DAJUDA","SE","02/2025","6221","8152","2499"
"280320","ITAPORANGA DAJUDA","SE","12/2025","5887","7859","2964"
"280320","ITAPORANGA DAJUDA","SE","06/2025","6094","8038","2793"
"280320","ITAPORANGA DAJUDA","SE","11/2025","5916","7891","2940"
"280330","JAPARATUBA","SE","09/2025","2712","3537","1781"
"280330","JAPARATUBA","SE","06/2025","2705","3565","1758"
"280330","JAPARATUBA","SE","02/2025","2680","3557","1586"
"280330","JAPARATUBA","SE","07/2025","2681","3529","1795"
"280330","JAPARATUBA","SE","11/2025","2688","3534","1825"
"280330","JAPARATUBA","SE","05/2025","2739","3596","1696"
"280330","JAPARATUBA","SE","03/2025","2724","3592","1583"
"280330","JAPARATUBA","SE","01/2025","2746","3620","1505"
"280330","JAPARATUBA","SE","08/2025","2687","3529","1753"
"280330","JAPARATUBA","SE","10/2025","2720","3541","1801"
"280330","JAPARATUBA","SE","12/2025","2709","3556","1820"
"280340","JAPOATÃ","SE","03/2025","3392","4050","1267"
"280340","JAPOATÃ","SE","05/2025","3335","3953","1386"
"280340","JAPOATÃ","SE","10/2025","3224","3870","1424"
"280340","JAPOATÃ","SE","12/2025","3208","3837","1457"
"280340","JAPOATÃ","SE","08/2025","3226","3877","1384"
"280340","JAPOATÃ","SE","01/2025","3419","4095","1228"
"280340","JAPOATÃ","SE","06/2025","3291","3930","1421"
"280340","JAPOATÃ","SE","07/2025","3254","3894","1450"
"280340","JAPOATÃ","SE","09/2025","3234","3875","1400"
"280340","JAPOATÃ","SE","11/2025","3225","3848","1461"
"280340","JAPOATÃ","SE","02/2025","3383","4050","1267"
"280350","LAGARTO","SE","05/2025","20201","26059","8672"
"280350","LAGARTO","SE","03/2025","20344","26437","7908"
"280350","LAGARTO","SE","12/2025","19620","25334","9751"
"280350","LAGARTO","SE","11/2025","19590","25398","9650"
"280350","LAGARTO","SE","01/2025","20249","26460","7695"
"280350","LAGARTO","SE","07/2025","19756","25788","9281"
"280350","LAGARTO","SE","09/2025","19590","25577","9324"
"280350","LAGARTO","SE","10/2025","19543","25443","9494"
"280350","LAGARTO","SE","06/2025","20153","26085","9089"
"280350","LAGARTO","SE","02/2025","20179","26310","7928"
"280350","LAGARTO","SE","08/2025","19683","25673","9224"
"280360","LARANJEIRAS","SE","03/2025","3621","4992","1928"
"280360","LARANJEIRAS","SE","10/2025","3652","4915","2250"
"280360","LARANJEIRAS","SE","11/2025","3657","4913","2327"
"280360","LARANJEIRAS","SE","08/2025","3579","4898","2144"
"280360","LARANJEIRAS","SE","06/2025","3602","4952","2138"
"280360","LARANJEIRAS","SE","12/2025","3673","4935","2348"
"280360","LARANJEIRAS","SE","09/2025","3619","4911","2192"
"280360","LARANJEIRAS","SE","07/2025","3590","4930","2161"
"280360","LARANJEIRAS","SE","02/2025","3553","4940","1944"
"280360","LARANJEIRAS","SE","01/2025","3602","4979","1875"
"280360","LARANJEIRAS","SE","05/2025","3592","4946","2103"
"280370","MACAMBIRA","SE","08/2025","1432","1866","783"
"280370","MACAMBIRA","SE","05/2025","1477","1911","775"
"280370","MACAMBIRA","SE","09/2025","1417","1858","784"
"280370","MACAMBIRA","SE","06/2025","1461","1901","789"
"280370","MACAMBIRA","SE","01/2025","1557","2009","703"
"280370","MACAMBIRA","SE","03/2025","1499","1954","723"
"280370","MACAMBIRA","SE","02/2025","1530","1989","725"
"280370","MACAMBIRA","SE","07/2025","1438","1878","808"
"280370","MACAMBIRA","SE","10/2025","1405","1857","786"
"280370","MACAMBIRA","SE","12/2025","1381","1844","787"
"280370","MACAMBIRA","SE","11/2025","1398","1854","792"
"280380","MALHADA DOS BOIS","SE","08/2025","657","902","386"
"280380","MALHADA DOS BOIS","SE","10/2025","652","910","383"
"280380","MALHADA DOS BOIS","SE","11/2025","649","905","382"
"280380","MALHADA DOS BOIS","SE","12/2025","648","906","378"
"280380","MALHADA DOS BOIS","SE","05/2025","686","928","381"
"280380","MALHADA DOS BOIS","SE","01/2025","694","955","342"
"280380","MALHADA DOS BOIS","SE","03/2025","690","938","359"
"280380","MALHADA DOS BOIS","SE","09/2025","652","906","387"
"280380","MALHADA DOS BOIS","SE","07/2025","664","907","399"
"280380","MALHADA DOS BOIS","SE","02/2025","677","932","358"
"280380","MALHADA DOS BOIS","SE","06/2025","678","922","390"
"280390","MALHADOR","SE","11/2025","2456","3052","1225"
"280390","MALHADOR","SE","05/2025","2487","3073","1137"
"280390","MALHADOR","SE","10/2025","2455","3045","1207"
"280390","MALHADOR","SE","08/2025","2444","3042","1159"
"280390","MALHADOR","SE","01/2025","2495","3085","1018"
"280390","MALHADOR","SE","06/2025","2479","3067","1161"
"280390","MALHADOR","SE","09/2025","2447","3038","1200"
"280390","MALHADOR","SE","02/2025","2489","3092","1057"
"280390","MALHADOR","SE","07/2025","2454","3046","1177"
"280390","MALHADOR","SE","03/2025","2501","3102","1062"
"280390","MALHADOR","SE","12/2025","2461","3057","1230"
"280400","MARUIM","SE","01/2025","2804","3448","1076"
"280400","MARUIM","SE","11/2025","2729","3353","1298"
"280400","MARUIM","SE","09/2025","2765","3377","1244"
"280400","MARUIM","SE","05/2025","2792","3423","1189"
"280400","MARUIM","SE","08/2025","2758","3366","1229"
"280400","MARUIM","SE","12/2025","2741","3359","1302"
"280400","MARUIM","SE","10/2025","2758","3373","1260"
"280400","MARUIM","SE","07/2025","2758","3393","1238"
"280400","MARUIM","SE","03/2025","2812","3457","1096"
"280400","MARUIM","SE","02/2025","2787","3433","1099"
"280400","MARUIM","SE","06/2025","2780","3420","1218"
"280410","MOITA BONITA","SE","12/2025","1664","2339","1144"
"280410","MOITA BONITA","SE","08/2025","1736","2424","1089"
"280410","MOITA BONITA","SE","01/2025","1795","2529","952"
"280410","MOITA BONITA","SE","03/2025","1816","2525","975"
"280410","MOITA BONITA","SE","10/2025","1697","2377","1129"
"280410","MOITA BONITA","SE","07/2025","1755","2434","1104"
"280410","MOITA BONITA","SE","02/2025","1798","2507","976"
"280410","MOITA BONITA","SE","09/2025","1719","2402","1117"
"280410","MOITA BONITA","SE","06/2025","1766","2442","1097"
"280410","MOITA BONITA","SE","11/2025","1687","2366","1133"
"280410","MOITA BONITA","SE","05/2025","1797","2475","1048"
"280420","MONTE ALEGRE DE SERGIPE","SE","12/2025","3757","4373","1375"
"280420","MONTE ALEGRE DE SERGIPE","SE","01/2025","3922","4509","1078"
"280420","MONTE ALEGRE DE SERGIPE","SE","02/2025","3911","4510","1124"
"280420","MONTE ALEGRE DE SERGIPE","SE","05/2025","3952","4527","1235"
"280420","MONTE ALEGRE DE SERGIPE","SE","10/2025","3814","4419","1342"
"280420","MONTE ALEGRE DE SERGIPE","SE","07/2025","3871","4452","1289"
"280420","MONTE ALEGRE DE SERGIPE","SE","09/2025","3833","4433","1307"
"280420","MONTE ALEGRE DE SERGIPE","SE","06/2025","3922","4505","1274"
"280420","MONTE ALEGRE DE SERGIPE","SE","11/2025","3786","4404","1354"
"280420","MONTE ALEGRE DE SERGIPE","SE","03/2025","3954","4535","1130"
"280420","MONTE ALEGRE DE SERGIPE","SE","08/2025","3866","4449","1281"
"280430","MURIBECA","SE","05/2025","1782","2118","585"
"280430","MURIBECA","SE","09/2025","1752","2089","601"
"280430","MURIBECA","SE","10/2025","1744","2084","603"
"280430","MURIBECA","SE","11/2025","1736","2087","620"
"280430","MURIBECA","SE","12/2025","1743","2082","627"
"280430","MURIBECA","SE","01/2025","1767","2134","501"
"280430","MURIBECA","SE","08/2025","1761","2099","592"
"280430","MURIBECA","SE","02/2025","1767","2116","529"
"280430","MURIBECA","SE","07/2025","1755","2101","621"
"280430","MURIBECA","SE","03/2025","1782","2129","528"
"280430","MURIBECA","SE","06/2025","1772","2123","602"
"280440","NEÓPOLIS","SE","12/2025","3097","3842","1563"
"280440","NEÓPOLIS","SE","07/2025","3083","3796","1536"
"280440","NEÓPOLIS","SE","02/2025","3229","3967","1393"
"280440","NEÓPOLIS","SE","10/2025","3074","3810","1533"
"280440","NEÓPOLIS","SE","09/2025","3072","3816","1511"
"280440","NEÓPOLIS","SE","03/2025","3285","3995","1387"
"280440","NEÓPOLIS","SE","06/2025","3120","3811","1528"
"280440","NEÓPOLIS","SE","08/2025","3070","3790","1494"
"280440","NEÓPOLIS","SE","01/2025","3258","4025","1360"
"280440","NEÓPOLIS","SE","11/2025","3061","3798","1544"
"280440","NEÓPOLIS","SE","05/2025","3191","3858","1474"
"280445","NOSSA SENHORA APARECIDA","SE","01/2025","1714","2196","428"
"280445","NOSSA SENHORA APARECIDA","SE","10/2025","1649","2131","489"
"280445","NOSSA SENHORA APARECIDA","SE","11/2025","1633","2120","490"
"280445","NOSSA SENHORA APARECIDA","SE","08/2025","1678","2147","473"
"280445","NOSSA SENHORA APARECIDA","SE","12/2025","1634","2124","491"
"280445","NOSSA SENHORA APARECIDA","SE","02/2025","1707","2183","439"
"280445","NOSSA SENHORA APARECIDA","SE","05/2025","1705","2173","461"
"280445","NOSSA SENHORA APARECIDA","SE","06/2025","1700","2164","468"
"280445","NOSSA SENHORA APARECIDA","SE","07/2025","1692","2154","473"
"280445","NOSSA SENHORA APARECIDA","SE","09/2025","1673","2147","479"
"280445","NOSSA SENHORA APARECIDA","SE","03/2025","1708","2185","436"
"280450","NOSSA SENHORA DA GLÓRIA","SE","05/2025","6959","9002","2582"
"280450","NOSSA SENHORA DA GLÓRIA","SE","08/2025","6849","8854","2631"
"280450","NOSSA SENHORA DA GLÓRIA","SE","02/2025","6941","8982","2365"
"280450","NOSSA SENHORA DA GLÓRIA","SE","09/2025","6890","8886","2666"
"280450","NOSSA SENHORA DA GLÓRIA","SE","07/2025","6803","8808","2681"
"280450","NOSSA SENHORA DA GLÓRIA","SE","01/2025","6979","9042","2291"
"280450","NOSSA SENHORA DA GLÓRIA","SE","11/2025","6961","8936","2785"
"280450","NOSSA SENHORA DA GLÓRIA","SE","12/2025","7010","8981","2790"
"280450","NOSSA SENHORA DA GLÓRIA","SE","06/2025","6924","8986","2667"
"280450","NOSSA SENHORA DA GLÓRIA","SE","03/2025","7006","9032","2370"
"280450","NOSSA SENHORA DA GLÓRIA","SE","10/2025","6939","8927","2732"
"280460","NOSSA SENHORA DAS DORES","SE","11/2025","5526","6648","1712"
"280460","NOSSA SENHORA DAS DORES","SE","10/2025","5576","6647","1665"
"280460","NOSSA SENHORA DAS DORES","SE","08/2025","5590","6658","1606"
"280460","NOSSA SENHORA DAS DORES","SE","05/2025","5674","6725","1492"
"280460","NOSSA SENHORA DAS DORES","SE","03/2025","5582","6696","1359"
"280460","NOSSA SENHORA DAS DORES","SE","01/2025","5486","6642","1345"
"280460","NOSSA SENHORA DAS DORES","SE","09/2025","5575","6654","1632"
"280460","NOSSA SENHORA DAS DORES","SE","02/2025","5466","6625","1365"
"280460","NOSSA SENHORA DAS DORES","SE","07/2025","5616","6697","1612"
"280460","NOSSA SENHORA DAS DORES","SE","06/2025","5654","6728","1576"
"280460","NOSSA SENHORA DAS DORES","SE","12/2025","5603","6687","1735"
"280470","NOSSA SENHORA DE LOURDES","SE","12/2025","1107","1486","724"
"280470","NOSSA SENHORA DE LOURDES","SE","10/2025","1127","1494","675"
"280470","NOSSA SENHORA DE LOURDES","SE","07/2025","1123","1477","663"
"280470","NOSSA SENHORA DE LOURDES","SE","02/2025","1149","1498","551"
"280470","NOSSA SENHORA DE LOURDES","SE","08/2025","1129","1482","646"
"280470","NOSSA SENHORA DE LOURDES","SE","06/2025","1137","1483","651"
"280470","NOSSA SENHORA DE LOURDES","SE","03/2025","1161","1519","561"
"280470","NOSSA SENHORA DE LOURDES","SE","01/2025","1127","1476","538"
"280470","NOSSA SENHORA DE LOURDES","SE","09/2025","1124","1481","658"
"280470","NOSSA SENHORA DE LOURDES","SE","05/2025","1151","1496","620"
"280470","NOSSA SENHORA DE LOURDES","SE","11/2025","1102","1475","707"
"280480","NOSSA SENHORA DO SOCORRO","SE","03/2025","31880","43164","14250"
"280480","NOSSA SENHORA DO SOCORRO","SE","10/2025","30783","42137","16539"
"280480","NOSSA SENHORA DO SOCORRO","SE","07/2025","30847","42296","16332"
"280480","NOSSA SENHORA DO SOCORRO","SE","09/2025","30802","42169","16188"
"280480","NOSSA SENHORA DO SOCORRO","SE","06/2025","31330","42714","16006"
"280480","NOSSA SENHORA DO SOCORRO","SE","12/2025","30692","42080","17059"
"280480","NOSSA SENHORA DO SOCORRO","SE","01/2025","32141","43302","13860"
"280480","NOSSA SENHORA DO SOCORRO","SE","08/2025","30819","42131","15850"
"280480","NOSSA SENHORA DO SOCORRO","SE","02/2025","31638","42927","14299"
"280480","NOSSA SENHORA DO SOCORRO","SE","05/2025","31468","42753","15503"
"280480","NOSSA SENHORA DO SOCORRO","SE","11/2025","30636","42026","16840"
"280490","PACATUBA","SE","12/2025","2301","3094","1108"
"280490","PACATUBA","SE","01/2025","2168","2991","968"
"280490","PACATUBA","SE","11/2025","2290","3061","1070"
"280490","PACATUBA","SE","10/2025","2274","3039","1057"
"280490","PACATUBA","SE","02/2025","2173","2985","988"
"280490","PACATUBA","SE","07/2025","2256","3010","1088"
"280490","PACATUBA","SE","09/2025","2287","3042","1040"
"280490","PACATUBA","SE","06/2025","2260","3028","1064"
"280490","PACATUBA","SE","03/2025","2236","3016","980"
"280490","PACATUBA","SE","08/2025","2246","2986","1050"
"280490","PACATUBA","SE","05/2025","2285","3055","1021"
"280500","PEDRA MOLE","SE","01/2025","812","953","251"
"280500","PEDRA MOLE","SE","07/2025","798","910","323"
"280500","PEDRA MOLE","SE","06/2025","806","922","312"
"280500","PEDRA MOLE","SE","05/2025","815","932","301"
"280500","PEDRA MOLE","SE","11/2025","758","884","332"
"280500","PEDRA MOLE","SE","12/2025","750","881","335"
"280500","PEDRA MOLE","SE","02/2025","807","946","259"
"280500","PEDRA MOLE","SE","03/2025","817","948","262"
"280500","PEDRA MOLE","SE","08/2025","787","907","299"
"280500","PEDRA MOLE","SE","10/2025","766","885","328"
"280500","PEDRA MOLE","SE","09/2025","776","894","314"
"280510","PEDRINHAS","SE","12/2025","2861","3222","930"
"280510","PEDRINHAS","SE","08/2025","3020","3358","888"
"280510","PEDRINHAS","SE","02/2025","3309","3585","816"
"280510","PEDRINHAS","SE","11/2025","2931","3298","934"
"280510","PEDRINHAS","SE","06/2025","3150","3451","900"
"280510","PEDRINHAS","SE","07/2025","3060","3393","909"
"280510","PEDRINHAS","SE","10/2025","2958","3313","925"
"280510","PEDRINHAS","SE","05/2025","3241","3512","866"
"280510","PEDRINHAS","SE","03/2025","3320","3588","815"
"280510","PEDRINHAS","SE","09/2025","2990","3338","902"
"280510","PEDRINHAS","SE","01/2025","3316","3613","788"
"280520","PINHÃO","SE","10/2025","1347","1683","552"
"280520","PINHÃO","SE","08/2025","1352","1686","527"
"280520","PINHÃO","SE","12/2025","1350","1698","560"
"280520","PINHÃO","SE","03/2025","1357","1699","459"
"280520","PINHÃO","SE","02/2025","1350","1692","452"
"280520","PINHÃO","SE","07/2025","1344","1697","537"
"280520","PINHÃO","SE","09/2025","1355","1687","537"
"280520","PINHÃO","SE","06/2025","1352","1701","529"
"280520","PINHÃO","SE","01/2025","1356","1694","432"
"280520","PINHÃO","SE","11/2025","1349","1694","557"
"280520","PINHÃO","SE","05/2025","1360","1701","509"
"280530","PIRAMBU","SE","08/2025","1585","1994","670"
"280530","PIRAMBU","SE","03/2025","1576","2030","613"
"280530","PIRAMBU","SE","09/2025","1593","2001","715"
"280530","PIRAMBU","SE","10/2025","1590","2004","721"
"280530","PIRAMBU","SE","05/2025","1590","2018","651"
"280530","PIRAMBU","SE","11/2025","1589","2009","747"
"280530","PIRAMBU","SE","02/2025","1569","2023","613"
"280530","PIRAMBU","SE","06/2025","1575","1993","689"
"280530","PIRAMBU","SE","01/2025","1578","2038","577"
"280530","PIRAMBU","SE","07/2025","1565","1975","702"
"280530","PIRAMBU","SE","12/2025","1601","2073","755"
"280540","POÇO REDONDO","SE","08/2025","7297","8376","2068"
"280540","POÇO REDONDO","SE","02/2025","7221","8302","1833"
"280540","POÇO REDONDO","SE","11/2025","7266","8414","2196"
"280540","POÇO REDONDO","SE","01/2025","7228","8337","1810"
"280540","POÇO REDONDO","SE","12/2025","7255","8469","2204"
"280540","POÇO REDONDO","SE","06/2025","7311","8380","2067"
"280540","POÇO REDONDO","SE","05/2025","7393","8399","1996"
"280540","POÇO REDONDO","SE","09/2025","7307","8394","2108"
"280540","POÇO REDONDO","SE","07/2025","7271","8373","2105"
"280540","POÇO REDONDO","SE","10/2025","7282","8401","2161"
"280540","POÇO REDONDO","SE","03/2025","7340","8420","1819"
"280550","POÇO VERDE","SE","05/2025","5411","6416","2043"
"280550","POÇO VERDE","SE","01/2025","5415","6449","1829"
"280550","POÇO VERDE","SE","08/2025","5299","6304","2133"
"280550","POÇO VERDE","SE","11/2025","5324","6311","2305"
"280550","POÇO VERDE","SE","06/2025","5336","6364","2147"
"280550","POÇO VERDE","SE","07/2025","5299","6320","2182"
"280550","POÇO VERDE","SE","02/2025","5435","6452","1853"
"280550","POÇO VERDE","SE","03/2025","5485","6492","1853"
"280550","POÇO VERDE","SE","12/2025","5356","6330","2309"
"280550","POÇO VERDE","SE","09/2025","5303","6297","2217"
"280550","POÇO VERDE","SE","10/2025","5309","6292","2281"
"280560","PORTO DA FOLHA","SE","11/2025","7214","8179","1790"
"280560","PORTO DA FOLHA","SE","01/2025","7218","8233","1309"
"280560","PORTO DA FOLHA","SE","09/2025","7218","8195","1693"
"280560","PORTO DA FOLHA","SE","07/2025","7216","8185","1689"
"280560","PORTO DA FOLHA","SE","10/2025","7200","8169","1735"
"280560","PORTO DA FOLHA","SE","06/2025","7291","8215","1648"
"280560","PORTO DA FOLHA","SE","03/2025","7328","8297","1355"
"280560","PORTO DA FOLHA","SE","02/2025","7204","8199","1357"
"280560","PORTO DA FOLHA","SE","12/2025","7284","8250","1808"
"280560","PORTO DA FOLHA","SE","08/2025","7221","8207","1632"
"280560","PORTO DA FOLHA","SE","05/2025","7349","8219","1581"
"280570","PROPRIÁ","SE","03/2025","4727","5959","2053"
"280570","PROPRIÁ","SE","10/2025","4603","5803","2330"
"280570","PROPRIÁ","SE","05/2025","4681","5890","2212"
"280570","PROPRIÁ","SE","08/2025","4611","5805","2253"
"280570","PROPRIÁ","SE","02/2025","4629","5892","2064"
"280570","PROPRIÁ","SE","06/2025","4645","5870","2256"
"280570","PROPRIÁ","SE","09/2025","4603","5802","2284"
"280570","PROPRIÁ","SE","07/2025","4609","5823","2309"
"280570","PROPRIÁ","SE","11/2025","4584","5798","2359"
"280570","PROPRIÁ","SE","12/2025","4591","5810","2379"
"280570","PROPRIÁ","SE","01/2025","4637","5919","2024"
"280580","RIACHÃO DO DANTAS","SE","06/2025","4801","5610","1497"
"280580","RIACHÃO DO DANTAS","SE","11/2025","4663","5528","1566"
"280580","RIACHÃO DO DANTAS","SE","12/2025","4668","5512","1585"
"280580","RIACHÃO DO DANTAS","SE","08/2025","4723","5528","1479"
"280580","RIACHÃO DO DANTAS","SE","01/2025","4854","5717","1320"
"280580","RIACHÃO DO DANTAS","SE","03/2025","4874","5725","1315"
"280580","RIACHÃO DO DANTAS","SE","10/2025","4678","5524","1549"
"280580","RIACHÃO DO DANTAS","SE","09/2025","4716","5537","1517"
"280580","RIACHÃO DO DANTAS","SE","07/2025","4735","5532","1510"
"280580","RIACHÃO DO DANTAS","SE","05/2025","4835","5634","1457"
"280580","RIACHÃO DO DANTAS","SE","02/2025","4846","5714","1316"
"280590","RIACHUELO","SE","05/2025","1605","2088","881"
"280590","RIACHUELO","SE","10/2025","1556","2027","918"
"280590","RIACHUELO","SE","11/2025","1552","2025","920"
"280590","RIACHUELO","SE","08/2025","1548","2029","894"
"280590","RIACHUELO","SE","06/2025","1596","2069","908"
"280590","RIACHUELO","SE","12/2025","1558","2035","927"
"280590","RIACHUELO","SE","02/2025","1587","2110","813"
"280590","RIACHUELO","SE","07/2025","1581","2054","917"
"280590","RIACHUELO","SE","09/2025","1565","2032","898"
"280590","RIACHUELO","SE","03/2025","1616","2129","816"
"280590","RIACHUELO","SE","01/2025","1582","2135","782"
"280600","RIBEIRÓPOLIS","SE","08/2025","2951","3822","1084"
"280600","RIBEIRÓPOLIS","SE","02/2025","3019","3904","982"
"280600","RIBEIRÓPOLIS","SE","03/2025","3031","3912","978"
"280600","RIBEIRÓPOLIS","SE","05/2025","3021","3878","1052"
"280600","RIBEIRÓPOLIS","SE","07/2025","2961","3847","1094"
"280600","RIBEIRÓPOLIS","SE","10/2025","2929","3806","1126"
"280600","RIBEIRÓPOLIS","SE","09/2025","2943","3825","1101"
"280600","RIBEIRÓPOLIS","SE","06/2025","2989","3874","1074"
"280600","RIBEIRÓPOLIS","SE","12/2025","2910","3794","1155"
"280600","RIBEIRÓPOLIS","SE","01/2025","3033","3920","950"
"280600","RIBEIRÓPOLIS","SE","11/2025","2905","3801","1137"
"280610","ROSÁRIO DO CATETE","SE","09/2025","2065","2515","906"
"280610","ROSÁRIO DO CATETE","SE","12/2025","2049","2499","939"
"280610","ROSÁRIO DO CATETE","SE","07/2025","2091","2518","908"
"280610","ROSÁRIO DO CATETE","SE","10/2025","2060","2509","918"
"280610","ROSÁRIO DO CATETE","SE","06/2025","2123","2550","878"
"280610","ROSÁRIO DO CATETE","SE","05/2025","2128","2562","854"
"280610","ROSÁRIO DO CATETE","SE","01/2025","2078","2510","792"
"280610","ROSÁRIO DO CATETE","SE","02/2025","2098","2535","811"
"280610","ROSÁRIO DO CATETE","SE","08/2025","2066","2503","903"
"280610","ROSÁRIO DO CATETE","SE","03/2025","2124","2561","799"
"280610","ROSÁRIO DO CATETE","SE","11/2025","2060","2509","920"
"280620","SALGADO","SE","08/2025","4218","5291","2211"
"280620","SALGADO","SE","07/2025","4231","5302","2239"
"280620","SALGADO","SE","06/2025","4282","5345","2217"
"280620","SALGADO","SE","09/2025","4231","5302","2252"
"280620","SALGADO","SE","02/2025","4391","5454","1977"
"280620","SALGADO","SE","03/2025","4397","5466","1985"
"280620","SALGADO","SE","10/2025","4206","5283","2301"
"280620","SALGADO","SE","12/2025","4178","5266","2348"
"280620","SALGADO","SE","01/2025","4434","5471","1922"
"280620","SALGADO","SE","05/2025","4323","5362","2168"
"280620","SALGADO","SE","11/2025","4190","5264","2348"
"280630","SANTA LUZIA DO ITANHY","SE","01/2025","2938","3831","1033"
"280630","SANTA LUZIA DO ITANHY","SE","06/2025","2825","3726","1165"
"280630","SANTA LUZIA DO ITANHY","SE","03/2025","2909","3795","1057"
"280630","SANTA LUZIA DO ITANHY","SE","12/2025","2670","3583","1271"
"280630","SANTA LUZIA DO ITANHY","SE","10/2025","2702","3635","1224"
"280630","SANTA LUZIA DO ITANHY","SE","02/2025","2904","3795","1057"
"280630","SANTA LUZIA DO ITANHY","SE","09/2025","2721","3636","1209"
"280630","SANTA LUZIA DO ITANHY","SE","08/2025","2745","3662","1179"
"280630","SANTA LUZIA DO ITANHY","SE","05/2025","2852","3741","1133"
"280630","SANTA LUZIA DO ITANHY","SE","11/2025","2668","3604","1249"
"280630","SANTA LUZIA DO ITANHY","SE","07/2025","2767","3690","1178"
"280640","SANTANA DO SÃO FRANCISCO","SE","09/2025","1871","2149","787"
"280640","SANTANA DO SÃO FRANCISCO","SE","10/2025","1862","2130","803"
"280640","SANTANA DO SÃO FRANCISCO","SE","01/2025","1947","2244","707"
"280640","SANTANA DO SÃO FRANCISCO","SE","03/2025","1949","2241","723"
"280640","SANTANA DO SÃO FRANCISCO","SE","05/2025","1922","2205","776"
"280640","SANTANA DO SÃO FRANCISCO","SE","07/2025","1876","2171","811"
"280640","SANTANA DO SÃO FRANCISCO","SE","06/2025","1896","2188","807"
"280640","SANTANA DO SÃO FRANCISCO","SE","12/2025","1877","2131","786"
"280640","SANTANA DO SÃO FRANCISCO","SE","02/2025","1934","2229","723"
"280640","SANTANA DO SÃO FRANCISCO","SE","08/2025","1877","2161","794"
"280640","SANTANA DO SÃO FRANCISCO","SE","11/2025","1866","2127","804"
"280650","SANTA ROSA DE LIMA","SE","02/2025","569","854","342"
"280650","SANTA ROSA DE LIMA","SE","01/2025","567","862","336"
"280650","SANTA ROSA DE LIMA","SE","03/2025","577","855","341"
"280650","SANTA ROSA DE LIMA","SE","10/2025","534","799","392"
"280650","SANTA ROSA DE LIMA","SE","07/2025","566","828","402"
"280650","SANTA ROSA DE LIMA","SE","06/2025","578","834","400"
"280650","SANTA ROSA DE LIMA","SE","08/2025","552","811","381"
"280650","SANTA ROSA DE LIMA","SE","11/2025","527","791","403"
"280650","SANTA ROSA DE LIMA","SE","05/2025","580","839","393"
"280650","SANTA ROSA DE LIMA","SE","12/2025","528","795","400"
"280650","SANTA ROSA DE LIMA","SE","09/2025","546","801","389"
"280660","SANTO AMARO DAS BROTAS","SE","01/2025","2546","3000","769"
"280660","SANTO AMARO DAS BROTAS","SE","06/2025","2421","2872","899"
"280660","SANTO AMARO DAS BROTAS","SE","10/2025","2266","2772","883"
"280660","SANTO AMARO DAS BROTAS","SE","11/2025","2231","2742","904"
"280660","SANTO AMARO DAS BROTAS","SE","03/2025","2502","2966","793"
"280660","SANTO AMARO DAS BROTAS","SE","12/2025","2193","2723","924"
"280660","SANTO AMARO DAS BROTAS","SE","02/2025","2508","2972","799"
"280660","SANTO AMARO DAS BROTAS","SE","09/2025","2298","2783","880"
"280660","SANTO AMARO DAS BROTAS","SE","05/2025","2458","2903","870"
"280660","SANTO AMARO DAS BROTAS","SE","07/2025","2378","2827","915"
"280660","SANTO AMARO DAS BROTAS","SE","08/2025","2337","2799","870"
"280670","SÃO CRISTÓVÃO","SE","09/2025","11083","16307","7300"
"280670","SÃO CRISTÓVÃO","SE","01/2025","11781","16940","5932"
"280670","SÃO CRISTÓVÃO","SE","08/2025","11068","16272","7093"
"280670","SÃO CRISTÓVÃO","SE","10/2025","11018","16354","7589"
"280670","SÃO CRISTÓVÃO","SE","03/2025","11803","17023","6181"
"280670","SÃO CRISTÓVÃO","SE","02/2025","11646","16863","6176"
"280670","SÃO CRISTÓVÃO","SE","07/2025","11190","16401","7182"
"280670","SÃO CRISTÓVÃO","SE","06/2025","11486","16778","7034"
"280670","SÃO CRISTÓVÃO","SE","11/2025","11017","16356","7775"
"280670","SÃO CRISTÓVÃO","SE","05/2025","11679","16881","6855"
"280670","SÃO CRISTÓVÃO","SE","12/2025","11071","16465","7884"
"280680","SÃO DOMINGOS","SE","01/2025","1958","2474","841"
"280680","SÃO DOMINGOS","SE","12/2025","1938","2491","1063"
"280680","SÃO DOMINGOS","SE","03/2025","1979","2488","865"
"280680","SÃO DOMINGOS","SE","05/2025","2008","2530","925"
"280680","SÃO DOMINGOS","SE","10/2025","1963","2504","1030"
"280680","SÃO DOMINGOS","SE","02/2025","1951","2463","865"
"280680","SÃO DOMINGOS","SE","07/2025","1996","2539","973"
"280680","SÃO DOMINGOS","SE","06/2025","2008","2536","949"
"280680","SÃO DOMINGOS","SE","08/2025","1993","2529","971"
"280680","SÃO DOMINGOS","SE","11/2025","1956","2507","1052"
"280680","SÃO DOMINGOS","SE","09/2025","1988","2516","1009"
"280690","SÃO FRANCISCO","SE","09/2025","752","898","358"
"280690","SÃO FRANCISCO","SE","11/2025","746","894","384"
"280690","SÃO FRANCISCO","SE","05/2025","763","917","325"
"280690","SÃO FRANCISCO","SE","12/2025","743","893","388"
"280690","SÃO FRANCISCO","SE","08/2025","752","905","347"
"280690","SÃO FRANCISCO","SE","02/2025","785","937","305"
"280690","SÃO FRANCISCO","SE","01/2025","807","955","294"
"280690","SÃO FRANCISCO","SE","03/2025","782","934","305"
"280690","SÃO FRANCISCO","SE","06/2025","758","915","336"
"280690","SÃO FRANCISCO","SE","07/2025","748","911","342"
"280690","SÃO FRANCISCO","SE","10/2025","750","897","379"
"280700","SÃO MIGUEL DO ALEIXO","SE","03/2025","947","1108","335"
"280700","SÃO MIGUEL DO ALEIXO","SE","05/2025","940","1095","356"
"280700","SÃO MIGUEL DO ALEIXO","SE","11/2025","911","1079","397"
"280700","SÃO MIGUEL DO ALEIXO","SE","12/2025","914","1091","391"
"280700","SÃO MIGUEL DO ALEIXO","SE","09/2025","909","1082","367"
"280700","SÃO MIGUEL DO ALEIXO","SE","06/2025","920","1080","371"
"280700","SÃO MIGUEL DO ALEIXO","SE","01/2025","926","1104","321"
"280700","SÃO MIGUEL DO ALEIXO","SE","02/2025","933","1093","340"
"280700","SÃO MIGUEL DO ALEIXO","SE","08/2025","906","1078","360"
"280700","SÃO MIGUEL DO ALEIXO","SE","10/2025","915","1082","382"
"280700","SÃO MIGUEL DO ALEIXO","SE","07/2025","911","1078","371"
"280710","SIMÃO DIAS","SE","09/2025","9319","11358","4430"
"280710","SIMÃO DIAS","SE","10/2025","9275","11340","4499"
"280710","SIMÃO DIAS","SE","03/2025","10071","12149","3756"
"280710","SIMÃO DIAS","SE","02/2025","10061","12130","3749"
"280710","SIMÃO DIAS","SE","07/2025","9539","11534","4411"
"280710","SIMÃO DIAS","SE","05/2025","9819","11806","4120"
"280710","SIMÃO DIAS","SE","06/2025","9676","11646","4340"
"280710","SIMÃO DIAS","SE","12/2025","9372","11378","4664"
"280710","SIMÃO DIAS","SE","01/2025","10217","12221","3656"
"280710","SIMÃO DIAS","SE","08/2025","9401","11430","4311"
"280710","SIMÃO DIAS","SE","11/2025","9287","11330","4597"
"280720","SIRIRI","SE","02/2025","1537","1892","759"
"280720","SIRIRI","SE","03/2025","1559","1905","751"
"280720","SIRIRI","SE","01/2025","1557","1912","741"
"280720","SIRIRI","SE","11/2025","1472","1843","830"
"280720","SIRIRI","SE","05/2025","1568","1905","791"
"280720","SIRIRI","SE","07/2025","1507","1862","832"
"280720","SIRIRI","SE","10/2025","1485","1857","810"
"280720","SIRIRI","SE","09/2025","1491","1857","804"
"280720","SIRIRI","SE","08/2025","1490","1849","799"
"280720","SIRIRI","SE","06/2025","1539","1893","816"
"280720","SIRIRI","SE","12/2025","1478","1846","824"
"280730","TELHA","SE","05/2025","695","954","306"
"280730","TELHA","SE","09/2025","700","938","303"
"280730","TELHA","SE","11/2025","705","935","308"
"280730","TELHA","SE","10/2025","701","937","302"
"280730","TELHA","SE","08/2025","695","936","302"
"280730","TELHA","SE","02/2025","697","965","287"
"280730","TELHA","SE","12/2025","713","933","305"
"280730","TELHA","SE","06/2025","693","946","313"
"280730","TELHA","SE","07/2025","691","942","318"
"280730","TELHA","SE","01/2025","692","961","279"
"280730","TELHA","SE","03/2025","705","970","286"
"280740","TOBIAS BARRETO","SE","02/2025","12334","15087","4429"
"280740","TOBIAS BARRETO","SE","12/2025","11907","14628","5319"
"280740","TOBIAS BARRETO","SE","08/2025","12042","14778","5043"
"280740","TOBIAS BARRETO","SE","01/2025","12437","15158","4289"
"280740","TOBIAS BARRETO","SE","06/2025","12248","14976","5028"
"280740","TOBIAS BARRETO","SE","03/2025","12399","15165","4456"
"280740","TOBIAS BARRETO","SE","05/2025","12320","15026","4867"
"280740","TOBIAS BARRETO","SE","11/2025","11925","14650","5311"
"280740","TOBIAS BARRETO","SE","07/2025","12112","14834","5101"
"280740","TOBIAS BARRETO","SE","09/2025","11970","14702","5170"
"280740","TOBIAS BARRETO","SE","10/2025","11910","14653","5255"
"280750","TOMAR DO GERU","SE","12/2025","2434","3142","976"
"280750","TOMAR DO GERU","SE","09/2025","2468","3150","924"
"280750","TOMAR DO GERU","SE","06/2025","2469","3166","916"
"280750","TOMAR DO GERU","SE","08/2025","2484","3145","902"
"280750","TOMAR DO GERU","SE","03/2025","2466","3174","851"
"280750","TOMAR DO GERU","SE","01/2025","2401","3150","856"
"280750","TOMAR DO GERU","SE","02/2025","2414","3148","867"
"280750","TOMAR DO GERU","SE","10/2025","2482","3146","938"
"280750","TOMAR DO GERU","SE","07/2025","2443","3138","930"
"280750","TOMAR DO GERU","SE","05/2025","2502","3169","896"
"280750","TOMAR DO GERU","SE","11/2025","2438","3124","970"
"280760","UMBAÚBA","SE","12/2025","5451","6745","2711"
"280760","UMBAÚBA","SE","09/2025","5435","6758","2667"
"280760","UMBAÚBA","SE","11/2025","5428","6741","2731"
"280760","UMBAÚBA","SE","03/2025","5566","6804","2501"
"280760","UMBAÚBA","SE","02/2025","5495","6757","2532"
"280760","UMBAÚBA","SE","07/2025","5430","6705","2697"
"280760","UMBAÚBA","SE","06/2025","5519","6787","2680"
"280760","UMBAÚBA","SE","01/2025","5489","6759","2511"
"280760","UMBAÚBA","SE","08/2025","5438","6691","2639"
"280760","UMBAÚBA","SE","05/2025","5571","6807","2627"
"280760","UMBAÚBA","SE","10/2025","5432","6748","2705"
