"Código","Unidade Territorial","UF","Referência","Pessoas beneficiárias no PBF (até Out/2021)","Pessoas beneficiárias no PBF (a partir de Mar/2023)"
"280010","AMPARO DE SÃO FRANCISCO","SE","05/2025","","952"
"280010","AMPARO DE SÃO FRANCISCO","SE","06/2025","","958"
"280010","AMPARO DE SÃO FRANCISCO","SE","03/2025","","968"
"280010","AMPARO DE SÃO FRANCISCO","SE","12/2025","","933"
"280010","AMPARO DE SÃO FRANCISCO","SE","04/2025","","968"
"280010","AMPARO DE SÃO FRANCISCO","SE","10/2025","","977"
"280010","AMPARO DE SÃO FRANCISCO","SE","11/2025","","930"
"280010","AMPARO DE SÃO FRANCISCO","SE","07/2025","","994"
"280010","AMPARO DE SÃO FRANCISCO","SE","09/2025","","1000"
"280010","AMPARO DE SÃO FRANCISCO","SE","08/2025","","989"
"280010","AMPARO DE SÃO FRANCISCO","SE","02/2025","","920"
"280010","AMPARO DE SÃO FRANCISCO","SE","01/2025","","925"
"280020","AQUIDABÃ","SE","02/2025","","8873"
"280020","AQUIDABÃ","SE","08/2025","","8586"
"280020","AQUIDABÃ","SE","10/2025","","8587"
"280020","AQUIDABÃ","SE","01/2025","","8839"
"280020","AQUIDABÃ","SE","06/2025","","8923"
"280020","AQUIDABÃ","SE","07/2025","","8573"
"280020","AQUIDABÃ","SE","03/2025","","8936"
"280020","AQUIDABÃ","SE","05/2025","","8947"
"280020","AQUIDABÃ","SE","12/2025","","8465"
"280020","AQUIDABÃ","SE","04/2025","","8945"
"280020","AQUIDABÃ","SE","11/2025","","8478"
"280020","AQUIDABÃ","SE","09/2025","","8574"
"280030","ARACAJU","SE","02/2025","","141658"
"280030","ARACAJU","SE","05/2025","","141725"
"280030","ARACAJU","SE","04/2025","","141857"
"280030","ARACAJU","SE","06/2025","","141947"
"280030","ARACAJU","SE","07/2025","","135232"
"280030","ARACAJU","SE","01/2025","","141074"
"280030","ARACAJU","SE","10/2025","","129658"
"280030","ARACAJU","SE","12/2025","","131104"
"280030","ARACAJU","SE","11/2025","","127833"
"280030","ARACAJU","SE","08/2025","","130761"
"280030","ARACAJU","SE","09/2025","","130009"
"280030","ARACAJU","SE","03/2025","","141948"
"280040","ARAUÁ","SE","07/2025","","5696"
"280040","ARAUÁ","SE","08/2025","","5614"
"280040","ARAUÁ","SE","02/2025","","5929"
"280040","ARAUÁ","SE","11/2025","","5391"
"280040","ARAUÁ","SE","03/2025","","5928"
"280040","ARAUÁ","SE","12/2025","","5480"
"280040","ARAUÁ","SE","01/2025","","5927"
"280040","ARAUÁ","SE","09/2025","","5543"
"280040","ARAUÁ","SE","05/2025","","5882"
"280040","ARAUÁ","SE","06/2025","","5894"
"280040","ARAUÁ","SE","04/2025","","5901"
"280040","ARAUÁ","SE","10/2025","","5485"
"280050","AREIA BRANCA","SE","01/2025","","7784"
"280050","AREIA BRANCA","SE","08/2025","","7433"
"280050","AREIA BRANCA","SE","07/2025","","7514"
"280050","AREIA BRANCA","SE","10/2025","","7488"
"280050","AREIA BRANCA","SE","12/2025","","7385"
"280050","AREIA BRANCA","SE","09/2025","","7495"
"280050","AREIA BRANCA","SE","02/2025","","7832"
"280050","AREIA BRANCA","SE","03/2025","","7793"
"280050","AREIA BRANCA","SE","06/2025","","7774"
"280050","AREIA BRANCA","SE","04/2025","","7753"
"280050","AREIA BRANCA","SE","11/2025","","7340"
"280050","AREIA BRANCA","SE","05/2025","","7744"
"280060","BARRA DOS COQUEIROS","SE","03/2025","","12841"
"280060","BARRA DOS COQUEIROS","SE","10/2025","","12413"
"280060","BARRA DOS COQUEIROS","SE","07/2025","","12190"
"280060","BARRA DOS COQUEIROS","SE","01/2025","","12918"
"280060","BARRA DOS COQUEIROS","SE","02/2025","","12924"
"280060","BARRA DOS COQUEIROS","SE","06/2025","","12793"
"280060","BARRA DOS COQUEIROS","SE","05/2025","","12802"
"280060","BARRA DOS COQUEIROS","SE","08/2025","","11994"
"280060","BARRA DOS COQUEIROS","SE","12/2025","","12402"
"280060","BARRA DOS COQUEIROS","SE","04/2025","","12834"
"280060","BARRA DOS COQUEIROS","SE","09/2025","","12367"
"280060","BARRA DOS COQUEIROS","SE","11/2025","","12187"
"280067","BOQUIM","SE","12/2025","","11244"
"280067","BOQUIM","SE","10/2025","","11108"
"280067","BOQUIM","SE","02/2025","","11779"
"280067","BOQUIM","SE","07/2025","","11373"
"280067","BOQUIM","SE","03/2025","","11862"
"280067","BOQUIM","SE","04/2025","","11837"
"280067","BOQUIM","SE","08/2025","","11266"
"280067","BOQUIM","SE","11/2025","","11013"
"280067","BOQUIM","SE","06/2025","","11828"
"280067","BOQUIM","SE","05/2025","","11829"
"280067","BOQUIM","SE","01/2025","","11802"
"280067","BOQUIM","SE","09/2025","","11174"
"280070","BREJO GRANDE","SE","12/2025","","4025"
"280070","BREJO GRANDE","SE","01/2025","","4457"
"280070","BREJO GRANDE","SE","08/2025","","4189"
"280070","BREJO GRANDE","SE","04/2025","","4429"
"280070","BREJO GRANDE","SE","06/2025","","4416"
"280070","BREJO GRANDE","SE","07/2025","","4246"
"280070","BREJO GRANDE","SE","10/2025","","4206"
"280070","BREJO GRANDE","SE","09/2025","","4192"
"280070","BREJO GRANDE","SE","02/2025","","4446"
"280070","BREJO GRANDE","SE","03/2025","","4429"
"280070","BREJO GRANDE","SE","11/2025","","4112"
"280070","BREJO GRANDE","SE","05/2025","","4429"
"280100","CAMPO DO BRITO","SE","08/2025","","7427"
"280100","CAMPO DO BRITO","SE","09/2025","","7400"
"280100","CAMPO DO BRITO","SE","04/2025","","7691"
"280100","CAMPO DO BRITO","SE","01/2025","","7723"
"280100","CAMPO DO BRITO","SE","11/2025","","7270"
"280100","CAMPO DO BRITO","SE","05/2025","","7685"
"280100","CAMPO DO BRITO","SE","06/2025","","7690"
"280100","CAMPO DO BRITO","SE","02/2025","","7737"
"280100","CAMPO DO BRITO","SE","03/2025","","7721"
"280100","CAMPO DO BRITO","SE","07/2025","","7420"
"280100","CAMPO DO BRITO","SE","10/2025","","7362"
"280100","CAMPO DO BRITO","SE","12/2025","","7240"
"280110","CANHOBA","SE","04/2025","","2878"
"280110","CANHOBA","SE","08/2025","","2697"
"280110","CANHOBA","SE","12/2025","","2644"
"280110","CANHOBA","SE","09/2025","","2702"
"280110","CANHOBA","SE","06/2025","","2892"
"280110","CANHOBA","SE","03/2025","","2893"
"280110","CANHOBA","SE","01/2025","","2907"
"280110","CANHOBA","SE","02/2025","","2910"
"280110","CANHOBA","SE","05/2025","","2871"
"280110","CANHOBA","SE","07/2025","","2746"
"280110","CANHOBA","SE","11/2025","","2661"
"280110","CANHOBA","SE","10/2025","","2694"
"280120","CANINDÉ DE SÃO FRANCISCO","SE","07/2025","","16208"
"280120","CANINDÉ DE SÃO FRANCISCO","SE","10/2025","","16321"
"280120","CANINDÉ DE SÃO FRANCISCO","SE","12/2025","","16362"
"280120","CANINDÉ DE SÃO FRANCISCO","SE","04/2025","","16728"
"280120","CANINDÉ DE SÃO FRANCISCO","SE","09/2025","","16459"
"280120","CANINDÉ DE SÃO FRANCISCO","SE","05/2025","","16677"
"280120","CANINDÉ DE SÃO FRANCISCO","SE","06/2025","","16673"
"280120","CANINDÉ DE SÃO FRANCISCO","SE","03/2025","","16666"
"280120","CANINDÉ DE SÃO FRANCISCO","SE","02/2025","","16605"
"280120","CANINDÉ DE SÃO FRANCISCO","SE","11/2025","","16107"
"280120","CANINDÉ DE SÃO FRANCISCO","SE","08/2025","","16557"
"280120","CANINDÉ DE SÃO FRANCISCO","SE","01/2025","","16620"
"280130","CAPELA","SE","04/2025","","14558"
"280130","CAPELA","SE","10/2025","","13771"
"280130","CAPELA","SE","02/2025","","14587"
"280130","CAPELA","SE","03/2025","","14585"
"280130","CAPELA","SE","06/2025","","14554"
"280130","CAPELA","SE","01/2025","","14593"
"280130","CAPELA","SE","05/2025","","14549"
"280130","CAPELA","SE","11/2025","","13571"
"280130","CAPELA","SE","12/2025","","13898"
"280130","CAPELA","SE","07/2025","","14157"
"280130","CAPELA","SE","08/2025","","14154"
"280130","CAPELA","SE","09/2025","","14221"
"280140","CARIRA","SE","02/2025","","10429"
"280140","CARIRA","SE","07/2025","","10031"
"280140","CARIRA","SE","06/2025","","10369"
"280140","CARIRA","SE","03/2025","","10414"
"280140","CARIRA","SE","10/2025","","9864"
"280140","CARIRA","SE","12/2025","","9880"
"280140","CARIRA","SE","08/2025","","10031"
"280140","CARIRA","SE","05/2025","","10385"
"280140","CARIRA","SE","04/2025","","10385"
"280140","CARIRA","SE","09/2025","","9980"
"280140","CARIRA","SE","01/2025","","10395"
"280140","CARIRA","SE","11/2025","","9673"
"280150","CARMÓPOLIS","SE","09/2025","","5934"
"280150","CARMÓPOLIS","SE","04/2025","","6312"
"280150","CARMÓPOLIS","SE","02/2025","","6409"
"280150","CARMÓPOLIS","SE","03/2025","","6366"
"280150","CARMÓPOLIS","SE","07/2025","","6000"
"280150","CARMÓPOLIS","SE","01/2025","","6405"
"280150","CARMÓPOLIS","SE","12/2025","","5888"
"280150","CARMÓPOLIS","SE","06/2025","","6294"
"280150","CARMÓPOLIS","SE","08/2025","","5927"
"280150","CARMÓPOLIS","SE","11/2025","","5807"
"280150","CARMÓPOLIS","SE","10/2025","","5881"
"280150","CARMÓPOLIS","SE","05/2025","","6293"
"280160","CEDRO DE SÃO JOÃO","SE","07/2025","","2366"
"280160","CEDRO DE SÃO JOÃO","SE","02/2025","","2544"
"280160","CEDRO DE SÃO JOÃO","SE","03/2025","","2565"
"280160","CEDRO DE SÃO JOÃO","SE","12/2025","","2317"
"280160","CEDRO DE SÃO JOÃO","SE","10/2025","","2369"
"280160","CEDRO DE SÃO JOÃO","SE","01/2025","","2544"
"280160","CEDRO DE SÃO JOÃO","SE","05/2025","","2549"
"280160","CEDRO DE SÃO JOÃO","SE","04/2025","","2557"
"280160","CEDRO DE SÃO JOÃO","SE","06/2025","","2555"
"280160","CEDRO DE SÃO JOÃO","SE","09/2025","","2372"
"280160","CEDRO DE SÃO JOÃO","SE","11/2025","","2297"
"280160","CEDRO DE SÃO JOÃO","SE","08/2025","","2353"
"280170","CRISTINÁPOLIS","SE","06/2025","","10140"
"280170","CRISTINÁPOLIS","SE","10/2025","","9635"
"280170","CRISTINÁPOLIS","SE","05/2025","","10144"
"280170","CRISTINÁPOLIS","SE","03/2025","","10163"
"280170","CRISTINÁPOLIS","SE","07/2025","","9660"
"280170","CRISTINÁPOLIS","SE","09/2025","","9727"
"280170","CRISTINÁPOLIS","SE","04/2025","","10139"
"280170","CRISTINÁPOLIS","SE","02/2025","","10125"
"280170","CRISTINÁPOLIS","SE","01/2025","","10118"
"280170","CRISTINÁPOLIS","SE","11/2025","","9424"
"280170","CRISTINÁPOLIS","SE","12/2025","","9494"
"280170","CRISTINÁPOLIS","SE","08/2025","","9623"
"280190","CUMBE","SE","04/2025","","2188"
"280190","CUMBE","SE","10/2025","","2049"
"280190","CUMBE","SE","07/2025","","2102"
"280190","CUMBE","SE","11/2025","","2008"
"280190","CUMBE","SE","06/2025","","2200"
"280190","CUMBE","SE","02/2025","","2164"
"280190","CUMBE","SE","08/2025","","2075"
"280190","CUMBE","SE","01/2025","","2162"
"280190","CUMBE","SE","12/2025","","1986"
"280190","CUMBE","SE","03/2025","","2191"
"280190","CUMBE","SE","05/2025","","2191"
"280190","CUMBE","SE","09/2025","","2060"
"280200","DIVINA PASTORA","SE","06/2025","","2213"
"280200","DIVINA PASTORA","SE","10/2025","","2159"
"280200","DIVINA PASTORA","SE","05/2025","","2207"
"280200","DIVINA PASTORA","SE","01/2025","","2148"
"280200","DIVINA PASTORA","SE","03/2025","","2195"
"280200","DIVINA PASTORA","SE","12/2025","","2165"
"280200","DIVINA PASTORA","SE","08/2025","","2139"
"280200","DIVINA PASTORA","SE","11/2025","","2136"
"280200","DIVINA PASTORA","SE","07/2025","","2142"
"280200","DIVINA PASTORA","SE","04/2025","","2207"
"280200","DIVINA PASTORA","SE","02/2025","","2136"
"280200","DIVINA PASTORA","SE","09/2025","","2165"
"280210","ESTÂNCIA","SE","04/2025","","28568"
"280210","ESTÂNCIA","SE","07/2025","","27131"
"280210","ESTÂNCIA","SE","03/2025","","28566"
"280210","ESTÂNCIA","SE","10/2025","","26372"
"280210","ESTÂNCIA","SE","11/2025","","25908"
"280210","ESTÂNCIA","SE","12/2025","","26410"
"280210","ESTÂNCIA","SE","08/2025","","26704"
"280210","ESTÂNCIA","SE","05/2025","","28499"
"280210","ESTÂNCIA","SE","09/2025","","26480"
"280210","ESTÂNCIA","SE","06/2025","","28471"
"280210","ESTÂNCIA","SE","02/2025","","28602"
"280210","ESTÂNCIA","SE","01/2025","","28485"
"280220","FEIRA NOVA","SE","01/2025","","3321"
"280220","FEIRA NOVA","SE","08/2025","","3146"
"280220","FEIRA NOVA","SE","10/2025","","3129"
"280220","FEIRA NOVA","SE","12/2025","","3088"
"280220","FEIRA NOVA","SE","11/2025","","3077"
"280220","FEIRA NOVA","SE","07/2025","","3139"
"280220","FEIRA NOVA","SE","02/2025","","3308"
"280220","FEIRA NOVA","SE","09/2025","","3160"
"280220","FEIRA NOVA","SE","03/2025","","3321"
"280220","FEIRA NOVA","SE","05/2025","","3299"
"280220","FEIRA NOVA","SE","06/2025","","3292"
"280220","FEIRA NOVA","SE","04/2025","","3306"
"280230","FREI PAULO","SE","02/2025","","7254"
"280230","FREI PAULO","SE","09/2025","","7073"
"280230","FREI PAULO","SE","03/2025","","7263"
"280230","FREI PAULO","SE","07/2025","","6972"
"280230","FREI PAULO","SE","05/2025","","7241"
"280230","FREI PAULO","SE","01/2025","","7265"
"280230","FREI PAULO","SE","11/2025","","6743"
"280230","FREI PAULO","SE","04/2025","","7261"
"280230","FREI PAULO","SE","10/2025","","6961"
"280230","FREI PAULO","SE","06/2025","","7243"
"280230","FREI PAULO","SE","12/2025","","6773"
"280230","FREI PAULO","SE","08/2025","","7082"
"280240","GARARU","SE","12/2025","","6553"
"280240","GARARU","SE","04/2025","","6873"
"280240","GARARU","SE","10/2025","","6599"
"280240","GARARU","SE","08/2025","","6652"
"280240","GARARU","SE","09/2025","","6625"
"280240","GARARU","SE","05/2025","","6860"
"280240","GARARU","SE","11/2025","","6463"
"280240","GARARU","SE","07/2025","","6662"
"280240","GARARU","SE","01/2025","","6849"
"280240","GARARU","SE","06/2025","","6872"
"280240","GARARU","SE","03/2025","","6882"
"280240","GARARU","SE","02/2025","","6890"
"280250","GENERAL MAYNARD","SE","01/2025","","1556"
"280250","GENERAL MAYNARD","SE","02/2025","","1564"
"280250","GENERAL MAYNARD","SE","03/2025","","1599"
"280250","GENERAL MAYNARD","SE","09/2025","","1478"
"280250","GENERAL MAYNARD","SE","11/2025","","1439"
"280250","GENERAL MAYNARD","SE","07/2025","","1502"
"280250","GENERAL MAYNARD","SE","10/2025","","1476"
"280250","GENERAL MAYNARD","SE","04/2025","","1616"
"280250","GENERAL MAYNARD","SE","06/2025","","1616"
"280250","GENERAL MAYNARD","SE","08/2025","","1475"
"280250","GENERAL MAYNARD","SE","05/2025","","1613"
"280250","GENERAL MAYNARD","SE","12/2025","","1477"
"280260","GRACHO CARDOSO","SE","09/2025","","4115"
"280260","GRACHO CARDOSO","SE","02/2025","","4280"
"280260","GRACHO CARDOSO","SE","01/2025","","4296"
"280260","GRACHO CARDOSO","SE","03/2025","","4341"
"280260","GRACHO CARDOSO","SE","04/2025","","4294"
"280260","GRACHO CARDOSO","SE","12/2025","","4071"
"280260","GRACHO CARDOSO","SE","07/2025","","4149"
"280260","GRACHO CARDOSO","SE","05/2025","","4304"
"280260","GRACHO CARDOSO","SE","10/2025","","4133"
"280260","GRACHO CARDOSO","SE","08/2025","","4105"
"280260","GRACHO CARDOSO","SE","11/2025","","4101"
"280260","GRACHO CARDOSO","SE","06/2025","","4326"
"280270","ILHA DAS FLORES","SE","11/2025","","5267"
"280270","ILHA DAS FLORES","SE","09/2025","","5377"
"280270","ILHA DAS FLORES","SE","12/2025","","5346"
"280270","ILHA DAS FLORES","SE","03/2025","","5652"
"280270","ILHA DAS FLORES","SE","05/2025","","5652"
"280270","ILHA DAS FLORES","SE","06/2025","","5666"
"280270","ILHA DAS FLORES","SE","10/2025","","5359"
"280270","ILHA DAS FLORES","SE","01/2025","","5621"
"280270","ILHA DAS FLORES","SE","08/2025","","5412"
"280270","ILHA DAS FLORES","SE","07/2025","","5492"
"280270","ILHA DAS FLORES","SE","02/2025","","5660"
"280270","ILHA DAS FLORES","SE","04/2025","","5657"
"280280","INDIAROBA","SE","10/2025","","8623"
"280280","INDIAROBA","SE","12/2025","","8470"
"280280","INDIAROBA","SE","11/2025","","8457"
"280280","INDIAROBA","SE","02/2025","","8960"
"280280","INDIAROBA","SE","05/2025","","8985"
"280280","INDIAROBA","SE","04/2025","","8983"
"280280","INDIAROBA","SE","09/2025","","8608"
"280280","INDIAROBA","SE","07/2025","","8616"
"280280","INDIAROBA","SE","01/2025","","8858"
"280280","INDIAROBA","SE","03/2025","","8985"
"280280","INDIAROBA","SE","06/2025","","8976"
"280280","INDIAROBA","SE","08/2025","","8635"
"280290","ITABAIANA","SE","07/2025","","33211"
"280290","ITABAIANA","SE","12/2025","","31427"
"280290","ITABAIANA","SE","10/2025","","32013"
"280290","ITABAIANA","SE","03/2025","","34676"
"280290","ITABAIANA","SE","02/2025","","34815"
"280290","ITABAIANA","SE","06/2025","","34582"
"280290","ITABAIANA","SE","11/2025","","31667"
"280290","ITABAIANA","SE","05/2025","","34580"
"280290","ITABAIANA","SE","09/2025","","32069"
"280290","ITABAIANA","SE","01/2025","","34711"
"280290","ITABAIANA","SE","08/2025","","31999"
"280290","ITABAIANA","SE","04/2025","","34617"
"280300","ITABAIANINHA","SE","11/2025","","23444"
"280300","ITABAIANINHA","SE","08/2025","","23991"
"280300","ITABAIANINHA","SE","10/2025","","23689"
"280300","ITABAIANINHA","SE","04/2025","","24789"
"280300","ITABAIANINHA","SE","03/2025","","24814"
"280300","ITABAIANINHA","SE","07/2025","","24143"
"280300","ITABAIANINHA","SE","12/2025","","23165"
"280300","ITABAIANINHA","SE","05/2025","","24799"
"280300","ITABAIANINHA","SE","06/2025","","24804"
"280300","ITABAIANINHA","SE","01/2025","","24539"
"280300","ITABAIANINHA","SE","02/2025","","24562"
"280300","ITABAIANINHA","SE","09/2025","","23883"
"280310","ITABI","SE","01/2025","","2382"
"280310","ITABI","SE","02/2025","","2384"
"280310","ITABI","SE","05/2025","","2385"
"280310","ITABI","SE","07/2025","","2305"
"280310","ITABI","SE","08/2025","","2300"
"280310","ITABI","SE","10/2025","","2263"
"280310","ITABI","SE","04/2025","","2391"
"280310","ITABI","SE","11/2025","","2213"
"280310","ITABI","SE","12/2025","","2191"
"280310","ITABI","SE","03/2025","","2390"
"280310","ITABI","SE","09/2025","","2279"
"280310","ITABI","SE","06/2025","","2391"
"280320","ITAPORANGA DAJUDA","SE","01/2025","","16817"
"280320","ITAPORANGA DAJUDA","SE","06/2025","","16848"
"280320","ITAPORANGA DAJUDA","SE","12/2025","","15473"
"280320","ITAPORANGA DAJUDA","SE","08/2025","","16088"
"280320","ITAPORANGA DAJUDA","SE","03/2025","","16876"
"280320","ITAPORANGA DAJUDA","SE","09/2025","","15965"
"280320","ITAPORANGA DAJUDA","SE","04/2025","","16869"
"280320","ITAPORANGA DAJUDA","SE","11/2025","","15613"
"280320","ITAPORANGA DAJUDA","SE","10/2025","","15893"
"280320","ITAPORANGA DAJUDA","SE","02/2025","","16868"
"280320","ITAPORANGA DAJUDA","SE","05/2025","","16833"
"280320","ITAPORANGA DAJUDA","SE","07/2025","","16083"
"280330","JAPARATUBA","SE","08/2025","","6883"
"280330","JAPARATUBA","SE","11/2025","","6778"
"280330","JAPARATUBA","SE","03/2025","","7251"
"280330","JAPARATUBA","SE","07/2025","","7003"
"280330","JAPARATUBA","SE","01/2025","","7245"
"280330","JAPARATUBA","SE","02/2025","","7277"
"280330","JAPARATUBA","SE","09/2025","","6904"
"280330","JAPARATUBA","SE","06/2025","","7255"
"280330","JAPARATUBA","SE","12/2025","","6801"
"280330","JAPARATUBA","SE","10/2025","","6852"
"280330","JAPARATUBA","SE","05/2025","","7246"
"280330","JAPARATUBA","SE","04/2025","","7253"
"280340","JAPOATÃ","SE","01/2025","","8084"
"280340","JAPOATÃ","SE","05/2025","","8042"
"280340","JAPOATÃ","SE","07/2025","","7586"
"280340","JAPOATÃ","SE","04/2025","","8048"
"280340","JAPOATÃ","SE","08/2025","","7504"
"280340","JAPOATÃ","SE","12/2025","","7291"
"280340","JAPOATÃ","SE","10/2025","","7470"
"280340","JAPOATÃ","SE","02/2025","","8088"
"280340","JAPOATÃ","SE","06/2025","","8040"
"280340","JAPOATÃ","SE","11/2025","","7368"
"280340","JAPOATÃ","SE","09/2025","","7468"
"280340","JAPOATÃ","SE","03/2025","","8079"
"280350","LAGARTO","SE","02/2025","","48455"
"280350","LAGARTO","SE","08/2025","","46320"
"280350","LAGARTO","SE","09/2025","","45972"
"280350","LAGARTO","SE","01/2025","","48446"
"280350","LAGARTO","SE","05/2025","","48764"
"280350","LAGARTO","SE","06/2025","","48717"
"280350","LAGARTO","SE","03/2025","","48776"
"280350","LAGARTO","SE","07/2025","","46537"
"280350","LAGARTO","SE","12/2025","","45137"
"280350","LAGARTO","SE","10/2025","","45015"
"280350","LAGARTO","SE","11/2025","","44170"
"280350","LAGARTO","SE","04/2025","","48822"
"280360","LARANJEIRAS","SE","10/2025","","10091"
"280360","LARANJEIRAS","SE","01/2025","","10842"
"280360","LARANJEIRAS","SE","07/2025","","10320"
"280360","LARANJEIRAS","SE","04/2025","","10832"
"280360","LARANJEIRAS","SE","06/2025","","10821"
"280360","LARANJEIRAS","SE","03/2025","","10839"
"280360","LARANJEIRAS","SE","12/2025","","9902"
"280360","LARANJEIRAS","SE","05/2025","","10831"
"280360","LARANJEIRAS","SE","02/2025","","10854"
"280360","LARANJEIRAS","SE","11/2025","","9920"
"280360","LARANJEIRAS","SE","09/2025","","10083"
"280360","LARANJEIRAS","SE","08/2025","","10132"
"280370","MACAMBIRA","SE","04/2025","","3810"
"280370","MACAMBIRA","SE","05/2025","","3803"
"280370","MACAMBIRA","SE","11/2025","","3543"
"280370","MACAMBIRA","SE","07/2025","","3695"
"280370","MACAMBIRA","SE","12/2025","","3561"
"280370","MACAMBIRA","SE","03/2025","","3822"
"280370","MACAMBIRA","SE","09/2025","","3652"
"280370","MACAMBIRA","SE","08/2025","","3686"
"280370","MACAMBIRA","SE","10/2025","","3610"
"280370","MACAMBIRA","SE","02/2025","","3834"
"280370","MACAMBIRA","SE","06/2025","","3787"
"280370","MACAMBIRA","SE","01/2025","","3815"
"280380","MALHADA DOS BOIS","SE","05/2025","","1868"
"280380","MALHADA DOS BOIS","SE","07/2025","","1831"
"280380","MALHADA DOS BOIS","SE","02/2025","","1891"
"280380","MALHADA DOS BOIS","SE","04/2025","","1874"
"280380","MALHADA DOS BOIS","SE","09/2025","","1811"
"280380","MALHADA DOS BOIS","SE","10/2025","","1803"
"280380","MALHADA DOS BOIS","SE","06/2025","","1867"
"280380","MALHADA DOS BOIS","SE","12/2025","","1761"
"280380","MALHADA DOS BOIS","SE","01/2025","","1899"
"280380","MALHADA DOS BOIS","SE","03/2025","","1878"
"280380","MALHADA DOS BOIS","SE","11/2025","","1764"
"280380","MALHADA DOS BOIS","SE","08/2025","","1815"
"280390","MALHADOR","SE","06/2025","","6673"
"280390","MALHADOR","SE","12/2025","","6152"
"280390","MALHADOR","SE","07/2025","","6356"
"280390","MALHADOR","SE","05/2025","","6673"
"280390","MALHADOR","SE","11/2025","","6152"
"280390","MALHADOR","SE","09/2025","","6289"
"280390","MALHADOR","SE","01/2025","","6613"
"280390","MALHADOR","SE","10/2025","","6261"
"280390","MALHADOR","SE","03/2025","","6683"
"280390","MALHADOR","SE","02/2025","","6668"
"280390","MALHADOR","SE","08/2025","","6293"
"280390","MALHADOR","SE","04/2025","","6669"
"280400","MARUIM","SE","03/2025","","6988"
"280400","MARUIM","SE","06/2025","","6975"
"280400","MARUIM","SE","10/2025","","6605"
"280400","MARUIM","SE","05/2025","","6972"
"280400","MARUIM","SE","04/2025","","6967"
"280400","MARUIM","SE","09/2025","","6658"
"280400","MARUIM","SE","02/2025","","7001"
"280400","MARUIM","SE","07/2025","","6719"
"280400","MARUIM","SE","01/2025","","6990"
"280400","MARUIM","SE","08/2025","","6619"
"280400","MARUIM","SE","11/2025","","6491"
"280400","MARUIM","SE","12/2025","","6493"
"280410","MOITA BONITA","SE","05/2025","","5026"
"280410","MOITA BONITA","SE","12/2025","","4705"
"280410","MOITA BONITA","SE","04/2025","","5046"
"280410","MOITA BONITA","SE","03/2025","","5050"
"280410","MOITA BONITA","SE","10/2025","","4800"
"280410","MOITA BONITA","SE","09/2025","","4832"
"280410","MOITA BONITA","SE","06/2025","","5023"
"280410","MOITA BONITA","SE","11/2025","","4720"
"280410","MOITA BONITA","SE","07/2025","","4900"
"280410","MOITA BONITA","SE","08/2025","","4861"
"280410","MOITA BONITA","SE","02/2025","","5043"
"280410","MOITA BONITA","SE","01/2025","","5022"
"280420","MONTE ALEGRE DE SERGIPE","SE","01/2025","","9951"
"280420","MONTE ALEGRE DE SERGIPE","SE","09/2025","","9513"
"280420","MONTE ALEGRE DE SERGIPE","SE","02/2025","","9953"
"280420","MONTE ALEGRE DE SERGIPE","SE","04/2025","","10003"
"280420","MONTE ALEGRE DE SERGIPE","SE","05/2025","","10003"
"280420","MONTE ALEGRE DE SERGIPE","SE","11/2025","","9294"
"280420","MONTE ALEGRE DE SERGIPE","SE","08/2025","","9581"
"280420","MONTE ALEGRE DE SERGIPE","SE","07/2025","","9666"
"280420","MONTE ALEGRE DE SERGIPE","SE","03/2025","","10022"
"280420","MONTE ALEGRE DE SERGIPE","SE","12/2025","","9487"
"280420","MONTE ALEGRE DE SERGIPE","SE","10/2025","","9449"
"280420","MONTE ALEGRE DE SERGIPE","SE","06/2025","","10008"
"280430","MURIBECA","SE","09/2025","","3974"
"280430","MURIBECA","SE","12/2025","","3910"
"280430","MURIBECA","SE","04/2025","","4219"
"280430","MURIBECA","SE","03/2025","","4206"
"280430","MURIBECA","SE","11/2025","","3870"
"280430","MURIBECA","SE","06/2025","","4219"
"280430","MURIBECA","SE","02/2025","","4199"
"280430","MURIBECA","SE","08/2025","","3997"
"280430","MURIBECA","SE","07/2025","","4063"
"280430","MURIBECA","SE","01/2025","","4184"
"280430","MURIBECA","SE","05/2025","","4219"
"280430","MURIBECA","SE","10/2025","","3953"
"280440","NEÓPOLIS","SE","12/2025","","7767"
"280440","NEÓPOLIS","SE","10/2025","","7834"
"280440","NEÓPOLIS","SE","09/2025","","7823"
"280440","NEÓPOLIS","SE","04/2025","","8319"
"280440","NEÓPOLIS","SE","02/2025","","8341"
"280440","NEÓPOLIS","SE","01/2025","","8372"
"280440","NEÓPOLIS","SE","07/2025","","7891"
"280440","NEÓPOLIS","SE","06/2025","","8263"
"280440","NEÓPOLIS","SE","03/2025","","8293"
"280440","NEÓPOLIS","SE","05/2025","","8317"
"280440","NEÓPOLIS","SE","08/2025","","7824"
"280440","NEÓPOLIS","SE","11/2025","","7722"
"280445","NOSSA SENHORA APARECIDA","SE","11/2025","","4438"
"280445","NOSSA SENHORA APARECIDA","SE","12/2025","","4454"
"280445","NOSSA SENHORA APARECIDA","SE","09/2025","","4502"
"280445","NOSSA SENHORA APARECIDA","SE","10/2025","","4500"
"280445","NOSSA SENHORA APARECIDA","SE","03/2025","","4779"
"280445","NOSSA SENHORA APARECIDA","SE","04/2025","","4746"
"280445","NOSSA SENHORA APARECIDA","SE","05/2025","","4731"
"280445","NOSSA SENHORA APARECIDA","SE","07/2025","","4497"
"280445","NOSSA SENHORA APARECIDA","SE","02/2025","","4786"
"280445","NOSSA SENHORA APARECIDA","SE","06/2025","","4722"
"280445","NOSSA SENHORA APARECIDA","SE","01/2025","","4768"
"280445","NOSSA SENHORA APARECIDA","SE","08/2025","","4533"
"280450","NOSSA SENHORA DA GLÓRIA","SE","11/2025","","18053"
"280450","NOSSA SENHORA DA GLÓRIA","SE","01/2025","","18942"
"280450","NOSSA SENHORA DA GLÓRIA","SE","05/2025","","19014"
"280450","NOSSA SENHORA DA GLÓRIA","SE","04/2025","","19047"
"280450","NOSSA SENHORA DA GLÓRIA","SE","08/2025","","18391"
"280450","NOSSA SENHORA DA GLÓRIA","SE","03/2025","","19040"
"280450","NOSSA SENHORA DA GLÓRIA","SE","12/2025","","18637"
"280450","NOSSA SENHORA DA GLÓRIA","SE","06/2025","","19004"
"280450","NOSSA SENHORA DA GLÓRIA","SE","09/2025","","18405"
"280450","NOSSA SENHORA DA GLÓRIA","SE","10/2025","","18252"
"280450","NOSSA SENHORA DA GLÓRIA","SE","07/2025","","18446"
"280450","NOSSA SENHORA DA GLÓRIA","SE","02/2025","","19036"
"280460","NOSSA SENHORA DAS DORES","SE","04/2025","","12936"
"280460","NOSSA SENHORA DAS DORES","SE","02/2025","","12920"
"280460","NOSSA SENHORA DAS DORES","SE","06/2025","","12914"
"280460","NOSSA SENHORA DAS DORES","SE","03/2025","","12940"
"280460","NOSSA SENHORA DAS DORES","SE","07/2025","","12279"
"280460","NOSSA SENHORA DAS DORES","SE","01/2025","","12902"
"280460","NOSSA SENHORA DAS DORES","SE","11/2025","","11727"
"280460","NOSSA SENHORA DAS DORES","SE","09/2025","","11943"
"280460","NOSSA SENHORA DAS DORES","SE","08/2025","","12063"
"280460","NOSSA SENHORA DAS DORES","SE","10/2025","","11898"
"280460","NOSSA SENHORA DAS DORES","SE","05/2025","","12925"
"280460","NOSSA SENHORA DAS DORES","SE","12/2025","","12070"
"280470","NOSSA SENHORA DE LOURDES","SE","11/2025","","3034"
"280470","NOSSA SENHORA DE LOURDES","SE","10/2025","","3112"
"280470","NOSSA SENHORA DE LOURDES","SE","01/2025","","3234"
"280470","NOSSA SENHORA DE LOURDES","SE","02/2025","","3225"
"280470","NOSSA SENHORA DE LOURDES","SE","06/2025","","3241"
"280470","NOSSA SENHORA DE LOURDES","SE","09/2025","","3127"
"280470","NOSSA SENHORA DE LOURDES","SE","08/2025","","3108"
"280470","NOSSA SENHORA DE LOURDES","SE","07/2025","","3123"
"280470","NOSSA SENHORA DE LOURDES","SE","12/2025","","3018"
"280470","NOSSA SENHORA DE LOURDES","SE","04/2025","","3250"
"280470","NOSSA SENHORA DE LOURDES","SE","05/2025","","3250"
"280470","NOSSA SENHORA DE LOURDES","SE","03/2025","","3260"
"280480","NOSSA SENHORA DO SOCORRO","SE","01/2025","","79704"
"280480","NOSSA SENHORA DO SOCORRO","SE","03/2025","","80475"
"280480","NOSSA SENHORA DO SOCORRO","SE","04/2025","","80302"
"280480","NOSSA SENHORA DO SOCORRO","SE","08/2025","","76192"
"280480","NOSSA SENHORA DO SOCORRO","SE","06/2025","","80261"
"280480","NOSSA SENHORA DO SOCORRO","SE","09/2025","","75727"
"280480","NOSSA SENHORA DO SOCORRO","SE","05/2025","","80228"
"280480","NOSSA SENHORA DO SOCORRO","SE","02/2025","","80190"
"280480","NOSSA SENHORA DO SOCORRO","SE","10/2025","","75336"
"280480","NOSSA SENHORA DO SOCORRO","SE","07/2025","","76195"
"280480","NOSSA SENHORA DO SOCORRO","SE","11/2025","","74240"
"280480","NOSSA SENHORA DO SOCORRO","SE","12/2025","","74167"
"280490","PACATUBA","SE","07/2025","","6674"
"280490","PACATUBA","SE","03/2025","","6822"
"280490","PACATUBA","SE","11/2025","","6484"
"280490","PACATUBA","SE","02/2025","","6794"
"280490","PACATUBA","SE","05/2025","","6777"
"280490","PACATUBA","SE","04/2025","","6815"
"280490","PACATUBA","SE","08/2025","","6630"
"280490","PACATUBA","SE","01/2025","","6772"
"280490","PACATUBA","SE","10/2025","","6616"
"280490","PACATUBA","SE","06/2025","","6772"
"280490","PACATUBA","SE","09/2025","","6584"
"280490","PACATUBA","SE","12/2025","","6526"
"280500","PEDRA MOLE","SE","04/2025","","1814"
"280500","PEDRA MOLE","SE","11/2025","","1659"
"280500","PEDRA MOLE","SE","07/2025","","1778"
"280500","PEDRA MOLE","SE","10/2025","","1700"
"280500","PEDRA MOLE","SE","08/2025","","1755"
"280500","PEDRA MOLE","SE","05/2025","","1814"
"280500","PEDRA MOLE","SE","01/2025","","1808"
"280500","PEDRA MOLE","SE","02/2025","","1822"
"280500","PEDRA MOLE","SE","09/2025","","1732"
"280500","PEDRA MOLE","SE","12/2025","","1660"
"280500","PEDRA MOLE","SE","06/2025","","1814"
"280500","PEDRA MOLE","SE","03/2025","","1824"
"280510","PEDRINHAS","SE","05/2025","","5935"
"280510","PEDRINHAS","SE","02/2025","","5981"
"280510","PEDRINHAS","SE","11/2025","","5584"
"280510","PEDRINHAS","SE","12/2025","","5480"
"280510","PEDRINHAS","SE","07/2025","","5764"
"280510","PEDRINHAS","SE","03/2025","","5945"
"280510","PEDRINHAS","SE","04/2025","","5950"
"280510","PEDRINHAS","SE","09/2025","","5681"
"280510","PEDRINHAS","SE","10/2025","","5636"
"280510","PEDRINHAS","SE","08/2025","","5691"
"280510","PEDRINHAS","SE","06/2025","","5927"
"280510","PEDRINHAS","SE","01/2025","","5972"
"280520","PINHÃO","SE","02/2025","","3267"
"280520","PINHÃO","SE","03/2025","","3270"
"280520","PINHÃO","SE","06/2025","","3253"
"280520","PINHÃO","SE","01/2025","","3256"
"280520","PINHÃO","SE","10/2025","","3030"
"280520","PINHÃO","SE","08/2025","","3083"
"280520","PINHÃO","SE","04/2025","","3259"
"280520","PINHÃO","SE","07/2025","","3084"
"280520","PINHÃO","SE","11/2025","","2973"
"280520","PINHÃO","SE","12/2025","","3077"
"280520","PINHÃO","SE","05/2025","","3253"
"280520","PINHÃO","SE","09/2025","","3063"
"280530","PIRAMBU","SE","07/2025","","4206"
"280530","PIRAMBU","SE","08/2025","","4159"
"280530","PIRAMBU","SE","06/2025","","4353"
"280530","PIRAMBU","SE","04/2025","","4347"
"280530","PIRAMBU","SE","05/2025","","4347"
"280530","PIRAMBU","SE","02/2025","","4375"
"280530","PIRAMBU","SE","12/2025","","4097"
"280530","PIRAMBU","SE","09/2025","","4162"
"280530","PIRAMBU","SE","11/2025","","4092"
"280530","PIRAMBU","SE","10/2025","","4161"
"280530","PIRAMBU","SE","03/2025","","4353"
"280530","PIRAMBU","SE","01/2025","","4370"
"280540","POÇO REDONDO","SE","07/2025","","18913"
"280540","POÇO REDONDO","SE","01/2025","","19486"
"280540","POÇO REDONDO","SE","05/2025","","19408"
"280540","POÇO REDONDO","SE","02/2025","","19499"
"280540","POÇO REDONDO","SE","06/2025","","19415"
"280540","POÇO REDONDO","SE","11/2025","","18978"
"280540","POÇO REDONDO","SE","04/2025","","19419"
"280540","POÇO REDONDO","SE","12/2025","","19159"
"280540","POÇO REDONDO","SE","03/2025","","19483"
"280540","POÇO REDONDO","SE","09/2025","","19339"
"280540","POÇO REDONDO","SE","08/2025","","19306"
"280540","POÇO REDONDO","SE","10/2025","","19196"
"280550","POÇO VERDE","SE","05/2025","","11552"
"280550","POÇO VERDE","SE","11/2025","","10772"
"280550","POÇO VERDE","SE","02/2025","","11411"
"280550","POÇO VERDE","SE","12/2025","","10918"
"280550","POÇO VERDE","SE","08/2025","","11061"
"280550","POÇO VERDE","SE","03/2025","","11575"
"280550","POÇO VERDE","SE","01/2025","","11462"
"280550","POÇO VERDE","SE","10/2025","","10949"
"280550","POÇO VERDE","SE","06/2025","","11537"
"280550","POÇO VERDE","SE","04/2025","","11550"
"280550","POÇO VERDE","SE","07/2025","","11104"
"280550","POÇO VERDE","SE","09/2025","","11061"
"280560","PORTO DA FOLHA","SE","02/2025","","17986"
"280560","PORTO DA FOLHA","SE","03/2025","","17886"
"280560","PORTO DA FOLHA","SE","04/2025","","17864"
"280560","PORTO DA FOLHA","SE","12/2025","","17463"
"280560","PORTO DA FOLHA","SE","05/2025","","17874"
"280560","PORTO DA FOLHA","SE","06/2025","","17876"
"280560","PORTO DA FOLHA","SE","11/2025","","16906"
"280560","PORTO DA FOLHA","SE","10/2025","","17087"
"280560","PORTO DA FOLHA","SE","08/2025","","17282"
"280560","PORTO DA FOLHA","SE","07/2025","","17357"
"280560","PORTO DA FOLHA","SE","09/2025","","17236"
"280560","PORTO DA FOLHA","SE","01/2025","","18001"
"280570","PROPRIÁ","SE","08/2025","","11059"
"280570","PROPRIÁ","SE","01/2025","","11508"
"280570","PROPRIÁ","SE","10/2025","","11018"
"280570","PROPRIÁ","SE","02/2025","","11524"
"280570","PROPRIÁ","SE","11/2025","","10892"
"280570","PROPRIÁ","SE","12/2025","","10853"
"280570","PROPRIÁ","SE","05/2025","","11512"
"280570","PROPRIÁ","SE","03/2025","","11517"
"280570","PROPRIÁ","SE","07/2025","","10927"
"280570","PROPRIÁ","SE","09/2025","","11057"
"280570","PROPRIÁ","SE","06/2025","","11527"
"280570","PROPRIÁ","SE","04/2025","","11519"
"280580","RIACHÃO DO DANTAS","SE","11/2025","","10633"
"280580","RIACHÃO DO DANTAS","SE","04/2025","","11340"
"280580","RIACHÃO DO DANTAS","SE","08/2025","","10829"
"280580","RIACHÃO DO DANTAS","SE","12/2025","","10668"
"280580","RIACHÃO DO DANTAS","SE","06/2025","","11381"
"280580","RIACHÃO DO DANTAS","SE","03/2025","","11310"
"280580","RIACHÃO DO DANTAS","SE","02/2025","","11246"
"280580","RIACHÃO DO DANTAS","SE","01/2025","","11159"
"280580","RIACHÃO DO DANTAS","SE","10/2025","","10809"
"280580","RIACHÃO DO DANTAS","SE","05/2025","","11328"
"280580","RIACHÃO DO DANTAS","SE","07/2025","","10957"
"280580","RIACHÃO DO DANTAS","SE","09/2025","","10815"
"280590","RIACHUELO","SE","07/2025","","3912"
"280590","RIACHUELO","SE","11/2025","","3727"
"280590","RIACHUELO","SE","10/2025","","3819"
"280590","RIACHUELO","SE","08/2025","","3900"
"280590","RIACHUELO","SE","12/2025","","3748"
"280590","RIACHUELO","SE","01/2025","","4177"
"280590","RIACHUELO","SE","03/2025","","4175"
"280590","RIACHUELO","SE","02/2025","","4185"
"280590","RIACHUELO","SE","04/2025","","4145"
"280590","RIACHUELO","SE","09/2025","","3858"
"280590","RIACHUELO","SE","06/2025","","4140"
"280590","RIACHUELO","SE","05/2025","","4145"
"280600","RIBEIRÓPOLIS","SE","12/2025","","6997"
"280600","RIBEIRÓPOLIS","SE","11/2025","","7054"
"280600","RIBEIRÓPOLIS","SE","01/2025","","7731"
"280600","RIBEIRÓPOLIS","SE","05/2025","","7745"
"280600","RIBEIRÓPOLIS","SE","10/2025","","7162"
"280600","RIBEIRÓPOLIS","SE","04/2025","","7751"
"280600","RIBEIRÓPOLIS","SE","09/2025","","7183"
"280600","RIBEIRÓPOLIS","SE","02/2025","","7744"
"280600","RIBEIRÓPOLIS","SE","06/2025","","7726"
"280600","RIBEIRÓPOLIS","SE","03/2025","","7746"
"280600","RIBEIRÓPOLIS","SE","08/2025","","7274"
"280600","RIBEIRÓPOLIS","SE","07/2025","","7347"
"280610","ROSÁRIO DO CATETE","SE","05/2025","","4812"
"280610","ROSÁRIO DO CATETE","SE","12/2025","","4468"
"280610","ROSÁRIO DO CATETE","SE","10/2025","","4499"
"280610","ROSÁRIO DO CATETE","SE","11/2025","","4405"
"280610","ROSÁRIO DO CATETE","SE","02/2025","","4742"
"280610","ROSÁRIO DO CATETE","SE","06/2025","","4825"
"280610","ROSÁRIO DO CATETE","SE","09/2025","","4483"
"280610","ROSÁRIO DO CATETE","SE","07/2025","","4593"
"280610","ROSÁRIO DO CATETE","SE","04/2025","","4816"
"280610","ROSÁRIO DO CATETE","SE","01/2025","","4712"
"280610","ROSÁRIO DO CATETE","SE","08/2025","","4496"
"280610","ROSÁRIO DO CATETE","SE","03/2025","","4820"
"280620","SALGADO","SE","09/2025","","10084"
"280620","SALGADO","SE","07/2025","","10365"
"280620","SALGADO","SE","11/2025","","9971"
"280620","SALGADO","SE","01/2025","","10854"
"280620","SALGADO","SE","04/2025","","10858"
"280620","SALGADO","SE","08/2025","","10193"
"280620","SALGADO","SE","05/2025","","10861"
"280620","SALGADO","SE","02/2025","","10887"
"280620","SALGADO","SE","03/2025","","10859"
"280620","SALGADO","SE","06/2025","","10861"
"280620","SALGADO","SE","10/2025","","10089"
"280620","SALGADO","SE","12/2025","","10089"
"280630","SANTA LUZIA DO ITANHY","SE","05/2025","","8086"
"280630","SANTA LUZIA DO ITANHY","SE","06/2025","","8086"
"280630","SANTA LUZIA DO ITANHY","SE","12/2025","","7252"
"280630","SANTA LUZIA DO ITANHY","SE","02/2025","","8096"
"280630","SANTA LUZIA DO ITANHY","SE","09/2025","","7447"
"280630","SANTA LUZIA DO ITANHY","SE","01/2025","","8065"
"280630","SANTA LUZIA DO ITANHY","SE","04/2025","","8078"
"280630","SANTA LUZIA DO ITANHY","SE","11/2025","","7291"
"280630","SANTA LUZIA DO ITANHY","SE","10/2025","","7425"
"280630","SANTA LUZIA DO ITANHY","SE","07/2025","","7514"
"280630","SANTA LUZIA DO ITANHY","SE","08/2025","","7479"
"280630","SANTA LUZIA DO ITANHY","SE","03/2025","","8076"
"280640","SANTANA DO SÃO FRANCISCO","SE","09/2025","","4788"
"280640","SANTANA DO SÃO FRANCISCO","SE","05/2025","","5077"
"280640","SANTANA DO SÃO FRANCISCO","SE","12/2025","","4727"
"280640","SANTANA DO SÃO FRANCISCO","SE","07/2025","","4847"
"280640","SANTANA DO SÃO FRANCISCO","SE","08/2025","","4797"
"280640","SANTANA DO SÃO FRANCISCO","SE","03/2025","","5086"
"280640","SANTANA DO SÃO FRANCISCO","SE","02/2025","","5090"
"280640","SANTANA DO SÃO FRANCISCO","SE","06/2025","","5088"
"280640","SANTANA DO SÃO FRANCISCO","SE","11/2025","","4674"
"280640","SANTANA DO SÃO FRANCISCO","SE","10/2025","","4756"
"280640","SANTANA DO SÃO FRANCISCO","SE","01/2025","","5021"
"280640","SANTANA DO SÃO FRANCISCO","SE","04/2025","","5079"
"280650","SANTA ROSA DE LIMA","SE","04/2025","","1870"
"280650","SANTA ROSA DE LIMA","SE","07/2025","","1742"
"280650","SANTA ROSA DE LIMA","SE","09/2025","","1697"
"280650","SANTA ROSA DE LIMA","SE","02/2025","","1875"
"280650","SANTA ROSA DE LIMA","SE","08/2025","","1700"
"280650","SANTA ROSA DE LIMA","SE","12/2025","","1633"
"280650","SANTA ROSA DE LIMA","SE","10/2025","","1676"
"280650","SANTA ROSA DE LIMA","SE","03/2025","","1875"
"280650","SANTA ROSA DE LIMA","SE","06/2025","","1861"
"280650","SANTA ROSA DE LIMA","SE","05/2025","","1867"
"280650","SANTA ROSA DE LIMA","SE","01/2025","","1863"
"280650","SANTA ROSA DE LIMA","SE","11/2025","","1641"
"280660","SANTO AMARO DAS BROTAS","SE","12/2025","","5073"
"280660","SANTO AMARO DAS BROTAS","SE","09/2025","","5371"
"280660","SANTO AMARO DAS BROTAS","SE","04/2025","","5776"
"280660","SANTO AMARO DAS BROTAS","SE","02/2025","","5840"
"280660","SANTO AMARO DAS BROTAS","SE","11/2025","","5232"
"280660","SANTO AMARO DAS BROTAS","SE","07/2025","","5490"
"280660","SANTO AMARO DAS BROTAS","SE","01/2025","","5809"
"280660","SANTO AMARO DAS BROTAS","SE","05/2025","","5774"
"280660","SANTO AMARO DAS BROTAS","SE","08/2025","","5407"
"280660","SANTO AMARO DAS BROTAS","SE","03/2025","","5807"
"280660","SANTO AMARO DAS BROTAS","SE","06/2025","","5783"
"280660","SANTO AMARO DAS BROTAS","SE","10/2025","","5303"
"280670","SÃO CRISTÓVÃO","SE","09/2025","","29402"
"280670","SÃO CRISTÓVÃO","SE","05/2025","","31829"
"280670","SÃO CRISTÓVÃO","SE","07/2025","","30053"
"280670","SÃO CRISTÓVÃO","SE","01/2025","","31887"
"280670","SÃO CRISTÓVÃO","SE","08/2025","","29478"
"280670","SÃO CRISTÓVÃO","SE","03/2025","","31985"
"280670","SÃO CRISTÓVÃO","SE","10/2025","","29234"
"280670","SÃO CRISTÓVÃO","SE","12/2025","","27950"
"280670","SÃO CRISTÓVÃO","SE","06/2025","","31852"
"280670","SÃO CRISTÓVÃO","SE","11/2025","","28598"
"280670","SÃO CRISTÓVÃO","SE","02/2025","","31946"
"280670","SÃO CRISTÓVÃO","SE","04/2025","","31886"
"280680","SÃO DOMINGOS","SE","09/2025","","4699"
"280680","SÃO DOMINGOS","SE","02/2025","","5017"
"280680","SÃO DOMINGOS","SE","01/2025","","4985"
"280680","SÃO DOMINGOS","SE","08/2025","","4758"
"280680","SÃO DOMINGOS","SE","06/2025","","5019"
"280680","SÃO DOMINGOS","SE","04/2025","","5022"
"280680","SÃO DOMINGOS","SE","03/2025","","5031"
"280680","SÃO DOMINGOS","SE","05/2025","","5016"
"280680","SÃO DOMINGOS","SE","10/2025","","4665"
"280680","SÃO DOMINGOS","SE","11/2025","","4618"
"280680","SÃO DOMINGOS","SE","12/2025","","4760"
"280680","SÃO DOMINGOS","SE","07/2025","","4783"
"280690","SÃO FRANCISCO","SE","10/2025","","1673"
"280690","SÃO FRANCISCO","SE","02/2025","","1843"
"280690","SÃO FRANCISCO","SE","08/2025","","1721"
"280690","SÃO FRANCISCO","SE","07/2025","","1757"
"280690","SÃO FRANCISCO","SE","11/2025","","1650"
"280690","SÃO FRANCISCO","SE","05/2025","","1818"
"280690","SÃO FRANCISCO","SE","04/2025","","1818"
"280690","SÃO FRANCISCO","SE","03/2025","","1829"
"280690","SÃO FRANCISCO","SE","01/2025","","1842"
"280690","SÃO FRANCISCO","SE","06/2025","","1828"
"280690","SÃO FRANCISCO","SE","09/2025","","1702"
"280690","SÃO FRANCISCO","SE","12/2025","","1675"
"280700","SÃO MIGUEL DO ALEIXO","SE","03/2025","","2064"
"280700","SÃO MIGUEL DO ALEIXO","SE","01/2025","","2032"
"280700","SÃO MIGUEL DO ALEIXO","SE","06/2025","","2069"
"280700","SÃO MIGUEL DO ALEIXO","SE","05/2025","","2063"
"280700","SÃO MIGUEL DO ALEIXO","SE","08/2025","","2004"
"280700","SÃO MIGUEL DO ALEIXO","SE","11/2025","","1950"
"280700","SÃO MIGUEL DO ALEIXO","SE","09/2025","","1995"
"280700","SÃO MIGUEL DO ALEIXO","SE","07/2025","","2004"
"280700","SÃO MIGUEL DO ALEIXO","SE","04/2025","","2059"
"280700","SÃO MIGUEL DO ALEIXO","SE","02/2025","","2048"
"280700","SÃO MIGUEL DO ALEIXO","SE","12/2025","","1994"
"280700","SÃO MIGUEL DO ALEIXO","SE","10/2025","","1988"
"280710","SIMÃO DIAS","SE","12/2025","","21373"
"280710","SIMÃO DIAS","SE","11/2025","","21525"
"280710","SIMÃO DIAS","SE","05/2025","","23814"
"280710","SIMÃO DIAS","SE","04/2025","","23862"
"280710","SIMÃO DIAS","SE","09/2025","","22231"
"280710","SIMÃO DIAS","SE","02/2025","","23939"
"280710","SIMÃO DIAS","SE","01/2025","","23953"
"280710","SIMÃO DIAS","SE","06/2025","","23844"
"280710","SIMÃO DIAS","SE","03/2025","","23875"
"280710","SIMÃO DIAS","SE","07/2025","","22355"
"280710","SIMÃO DIAS","SE","08/2025","","22366"
"280710","SIMÃO DIAS","SE","10/2025","","21977"
"280720","SIRIRI","SE","02/2025","","4008"
"280720","SIRIRI","SE","11/2025","","3727"
"280720","SIRIRI","SE","12/2025","","3730"
"280720","SIRIRI","SE","05/2025","","3995"
"280720","SIRIRI","SE","01/2025","","4010"
"280720","SIRIRI","SE","09/2025","","3811"
"280720","SIRIRI","SE","07/2025","","3874"
"280720","SIRIRI","SE","08/2025","","3829"
"280720","SIRIRI","SE","03/2025","","3998"
"280720","SIRIRI","SE","06/2025","","3993"
"280720","SIRIRI","SE","10/2025","","3809"
"280720","SIRIRI","SE","04/2025","","3995"
"280730","TELHA","SE","11/2025","","1826"
"280730","TELHA","SE","01/2025","","1914"
"280730","TELHA","SE","04/2025","","1929"
"280730","TELHA","SE","03/2025","","1934"
"280730","TELHA","SE","06/2025","","1928"
"280730","TELHA","SE","12/2025","","1830"
"280730","TELHA","SE","09/2025","","1840"
"280730","TELHA","SE","08/2025","","1856"
"280730","TELHA","SE","05/2025","","1926"
"280730","TELHA","SE","07/2025","","1850"
"280730","TELHA","SE","02/2025","","1927"
"280730","TELHA","SE","10/2025","","1836"
"280740","TOBIAS BARRETO","SE","03/2025","","26590"
"280740","TOBIAS BARRETO","SE","06/2025","","26606"
"280740","TOBIAS BARRETO","SE","10/2025","","24785"
"280740","TOBIAS BARRETO","SE","08/2025","","25232"
"280740","TOBIAS BARRETO","SE","07/2025","","25308"
"280740","TOBIAS BARRETO","SE","12/2025","","25082"
"280740","TOBIAS BARRETO","SE","09/2025","","25096"
"280740","TOBIAS BARRETO","SE","02/2025","","26243"
"280740","TOBIAS BARRETO","SE","01/2025","","26549"
"280740","TOBIAS BARRETO","SE","05/2025","","26583"
"280740","TOBIAS BARRETO","SE","04/2025","","26606"
"280740","TOBIAS BARRETO","SE","11/2025","","24461"
"280750","TOMAR DO GERU","SE","10/2025","","6815"
"280750","TOMAR DO GERU","SE","05/2025","","7026"
"280750","TOMAR DO GERU","SE","09/2025","","6843"
"280750","TOMAR DO GERU","SE","03/2025","","7055"
"280750","TOMAR DO GERU","SE","06/2025","","7011"
"280750","TOMAR DO GERU","SE","02/2025","","6984"
"280750","TOMAR DO GERU","SE","07/2025","","6805"
"280750","TOMAR DO GERU","SE","01/2025","","6960"
"280750","TOMAR DO GERU","SE","08/2025","","6906"
"280750","TOMAR DO GERU","SE","04/2025","","7031"
"280750","TOMAR DO GERU","SE","12/2025","","6755"
"280750","TOMAR DO GERU","SE","11/2025","","6739"
"280760","UMBAÚBA","SE","05/2025","","13511"
"280760","UMBAÚBA","SE","02/2025","","13515"
"280760","UMBAÚBA","SE","12/2025","","13112"
"280760","UMBAÚBA","SE","08/2025","","12929"
"280760","UMBAÚBA","SE","11/2025","","12728"
"280760","UMBAÚBA","SE","07/2025","","13094"
"280760","UMBAÚBA","SE","01/2025","","13439"
"280760","UMBAÚBA","SE","09/2025","","12881"
"280760","UMBAÚBA","SE","06/2025","","13504"
"280760","UMBAÚBA","SE","03/2025","","13562"
"280760","UMBAÚBA","SE","04/2025","","13521"
"280760","UMBAÚBA","SE","10/2025","","12839"
