"Código","Unidade Territorial","UF","Referência","Quantidade de pessoas do sexo masculino inscritas no Cadastro Único","Quantidade de pessoas do sexo feminino inscritas no Cadastro Único"
"280010","AMPARO DE SÃO FRANCISCO","SE","10/2025","936","923"
"280010","AMPARO DE SÃO FRANCISCO","SE","11/2025","939","924"
"280010","AMPARO DE SÃO FRANCISCO","SE","12/2025","937","925"
"280010","AMPARO DE SÃO FRANCISCO","SE","08/2025","928","921"
"280010","AMPARO DE SÃO FRANCISCO","SE","03/2025","907","887"
"280010","AMPARO DE SÃO FRANCISCO","SE","06/2025","915","906"
"280010","AMPARO DE SÃO FRANCISCO","SE","01/2025","901","873"
"280010","AMPARO DE SÃO FRANCISCO","SE","02/2025","901","874"
"280010","AMPARO DE SÃO FRANCISCO","SE","05/2025","913","897"
"280010","AMPARO DE SÃO FRANCISCO","SE","07/2025","922","914"
"280010","AMPARO DE SÃO FRANCISCO","SE","09/2025","931","923"
"280020","AQUIDABÃ","SE","03/2025","5948","7195"
"280020","AQUIDABÃ","SE","10/2025","6025","7308"
"280020","AQUIDABÃ","SE","09/2025","6007","7280"
"280020","AQUIDABÃ","SE","05/2025","5999","7267"
"280020","AQUIDABÃ","SE","06/2025","6014","7290"
"280020","AQUIDABÃ","SE","11/2025","6039","7331"
"280020","AQUIDABÃ","SE","12/2025","6026","7340"
"280020","AQUIDABÃ","SE","08/2025","5959","7244"
"280020","AQUIDABÃ","SE","02/2025","5938","7171"
"280020","AQUIDABÃ","SE","07/2025","6006","7279"
"280020","AQUIDABÃ","SE","01/2025","5917","7162"
"280030","ARACAJU","SE","10/2025","98334","148441"
"280030","ARACAJU","SE","12/2025","98751","148831"
"280030","ARACAJU","SE","11/2025","98674","148887"
"280030","ARACAJU","SE","09/2025","97890","147827"
"280030","ARACAJU","SE","05/2025","97988","147341"
"280030","ARACAJU","SE","03/2025","96561","145397"
"280030","ARACAJU","SE","06/2025","98623","148258"
"280030","ARACAJU","SE","08/2025","97174","146836"
"280030","ARACAJU","SE","07/2025","98216","147739"
"280030","ARACAJU","SE","01/2025","95696","144085"
"280030","ARACAJU","SE","02/2025","96017","144653"
"280040","ARAUÁ","SE","01/2025","3927","4599"
"280040","ARAUÁ","SE","07/2025","3934","4658"
"280040","ARAUÁ","SE","08/2025","3909","4623"
"280040","ARAUÁ","SE","06/2025","3941","4651"
"280040","ARAUÁ","SE","10/2025","3917","4629"
"280040","ARAUÁ","SE","02/2025","3933","4604"
"280040","ARAUÁ","SE","05/2025","3939","4632"
"280040","ARAUÁ","SE","11/2025","3933","4645"
"280040","ARAUÁ","SE","03/2025","3938","4609"
"280040","ARAUÁ","SE","12/2025","3931","4635"
"280040","ARAUÁ","SE","09/2025","3908","4616"
"280050","AREIA BRANCA","SE","03/2025","5614","7311"
"280050","AREIA BRANCA","SE","08/2025","5642","7273"
"280050","AREIA BRANCA","SE","11/2025","5669","7334"
"280050","AREIA BRANCA","SE","07/2025","5734","7401"
"280050","AREIA BRANCA","SE","02/2025","5606","7302"
"280050","AREIA BRANCA","SE","06/2025","5743","7399"
"280050","AREIA BRANCA","SE","05/2025","5699","7332"
"280050","AREIA BRANCA","SE","09/2025","5670","7312"
"280050","AREIA BRANCA","SE","01/2025","5617","7307"
"280050","AREIA BRANCA","SE","12/2025","5650","7309"
"280050","AREIA BRANCA","SE","10/2025","5675","7327"
"280060","BARRA DOS COQUEIROS","SE","05/2025","8877","12848"
"280060","BARRA DOS COQUEIROS","SE","02/2025","8698","12551"
"280060","BARRA DOS COQUEIROS","SE","11/2025","9084","13151"
"280060","BARRA DOS COQUEIROS","SE","07/2025","8985","13016"
"280060","BARRA DOS COQUEIROS","SE","01/2025","8726","12585"
"280060","BARRA DOS COQUEIROS","SE","06/2025","8945","12936"
"280060","BARRA DOS COQUEIROS","SE","12/2025","9111","13174"
"280060","BARRA DOS COQUEIROS","SE","10/2025","9049","13133"
"280060","BARRA DOS COQUEIROS","SE","08/2025","8891","12952"
"280060","BARRA DOS COQUEIROS","SE","03/2025","8705","12605"
"280060","BARRA DOS COQUEIROS","SE","09/2025","8997","13075"
"280067","BOQUIM","SE","05/2025","7960","9942"
"280067","BOQUIM","SE","06/2025","7991","9975"
"280067","BOQUIM","SE","08/2025","7900","9935"
"280067","BOQUIM","SE","11/2025","8038","10053"
"280067","BOQUIM","SE","12/2025","8033","10058"
"280067","BOQUIM","SE","03/2025","7871","9874"
"280067","BOQUIM","SE","02/2025","7857","9819"
"280067","BOQUIM","SE","10/2025","7993","10029"
"280067","BOQUIM","SE","01/2025","7850","9753"
"280067","BOQUIM","SE","07/2025","7958","9987"
"280067","BOQUIM","SE","09/2025","7955","9978"
"280070","BREJO GRANDE","SE","11/2025","2957","3120"
"280070","BREJO GRANDE","SE","09/2025","2954","3114"
"280070","BREJO GRANDE","SE","10/2025","2958","3119"
"280070","BREJO GRANDE","SE","08/2025","2937","3100"
"280070","BREJO GRANDE","SE","06/2025","2953","3134"
"280070","BREJO GRANDE","SE","07/2025","2942","3117"
"280070","BREJO GRANDE","SE","02/2025","2924","3068"
"280070","BREJO GRANDE","SE","12/2025","2972","3132"
"280070","BREJO GRANDE","SE","03/2025","2937","3079"
"280070","BREJO GRANDE","SE","05/2025","2947","3129"
"280070","BREJO GRANDE","SE","01/2025","2929","3067"
"280100","CAMPO DO BRITO","SE","10/2025","5212","6872"
"280100","CAMPO DO BRITO","SE","05/2025","5180","6832"
"280100","CAMPO DO BRITO","SE","08/2025","5163","6813"
"280100","CAMPO DO BRITO","SE","01/2025","5125","6705"
"280100","CAMPO DO BRITO","SE","06/2025","5207","6863"
"280100","CAMPO DO BRITO","SE","09/2025","5189","6838"
"280100","CAMPO DO BRITO","SE","07/2025","5212","6854"
"280100","CAMPO DO BRITO","SE","02/2025","5111","6701"
"280100","CAMPO DO BRITO","SE","11/2025","5238","6885"
"280100","CAMPO DO BRITO","SE","03/2025","5136","6720"
"280100","CAMPO DO BRITO","SE","12/2025","5244","6898"
"280110","CANHOBA","SE","01/2025","1974","2127"
"280110","CANHOBA","SE","10/2025","1948","2091"
"280110","CANHOBA","SE","05/2025","1983","2135"
"280110","CANHOBA","SE","03/2025","1974","2132"
"280110","CANHOBA","SE","12/2025","1949","2096"
"280110","CANHOBA","SE","11/2025","1948","2101"
"280110","CANHOBA","SE","06/2025","1990","2135"
"280110","CANHOBA","SE","08/2025","1950","2088"
"280110","CANHOBA","SE","09/2025","1944","2091"
"280110","CANHOBA","SE","07/2025","1973","2108"
"280110","CANHOBA","SE","02/2025","1979","2140"
"280120","CANINDÉ DE SÃO FRANCISCO","SE","09/2025","10185","13405"
"280120","CANINDÉ DE SÃO FRANCISCO","SE","06/2025","10154","13377"
"280120","CANINDÉ DE SÃO FRANCISCO","SE","03/2025","9967","13136"
"280120","CANINDÉ DE SÃO FRANCISCO","SE","02/2025","9932","13062"
"280120","CANINDÉ DE SÃO FRANCISCO","SE","01/2025","9925","13038"
"280120","CANINDÉ DE SÃO FRANCISCO","SE","10/2025","10187","13435"
"280120","CANINDÉ DE SÃO FRANCISCO","SE","11/2025","10234","13501"
"280120","CANINDÉ DE SÃO FRANCISCO","SE","07/2025","10156","13382"
"280120","CANINDÉ DE SÃO FRANCISCO","SE","12/2025","10265","13536"
"280120","CANINDÉ DE SÃO FRANCISCO","SE","05/2025","10102","13300"
"280120","CANINDÉ DE SÃO FRANCISCO","SE","08/2025","10144","13363"
"280130","CAPELA","SE","01/2025","8141","12246"
"280130","CAPELA","SE","11/2025","8318","12535"
"280130","CAPELA","SE","08/2025","8231","12342"
"280130","CAPELA","SE","12/2025","8297","12509"
"280130","CAPELA","SE","02/2025","8111","12223"
"280130","CAPELA","SE","03/2025","8117","12219"
"280130","CAPELA","SE","06/2025","8260","12352"
"280130","CAPELA","SE","09/2025","8279","12389"
"280130","CAPELA","SE","07/2025","8245","12336"
"280130","CAPELA","SE","05/2025","8226","12313"
"280130","CAPELA","SE","10/2025","8264","12392"
"280140","CARIRA","SE","10/2025","6683","7673"
"280140","CARIRA","SE","11/2025","6696","7672"
"280140","CARIRA","SE","09/2025","6654","7671"
"280140","CARIRA","SE","12/2025","6689","7669"
"280140","CARIRA","SE","01/2025","6529","7592"
"280140","CARIRA","SE","03/2025","6569","7615"
"280140","CARIRA","SE","08/2025","6622","7666"
"280140","CARIRA","SE","02/2025","6550","7612"
"280140","CARIRA","SE","06/2025","6667","7751"
"280140","CARIRA","SE","07/2025","6685","7771"
"280140","CARIRA","SE","05/2025","6632","7729"
"280150","CARMÓPOLIS","SE","03/2025","3972","5908"
"280150","CARMÓPOLIS","SE","11/2025","3988","6002"
"280150","CARMÓPOLIS","SE","08/2025","3932","5938"
"280150","CARMÓPOLIS","SE","06/2025","3972","5965"
"280150","CARMÓPOLIS","SE","10/2025","3972","5978"
"280150","CARMÓPOLIS","SE","12/2025","3980","5994"
"280150","CARMÓPOLIS","SE","02/2025","3980","5904"
"280150","CARMÓPOLIS","SE","05/2025","3936","5937"
"280150","CARMÓPOLIS","SE","07/2025","3980","5973"
"280150","CARMÓPOLIS","SE","01/2025","4038","5963"
"280150","CARMÓPOLIS","SE","09/2025","3956","5969"
"280160","CEDRO DE SÃO JOÃO","SE","05/2025","1847","1978"
"280160","CEDRO DE SÃO JOÃO","SE","11/2025","1878","1998"
"280160","CEDRO DE SÃO JOÃO","SE","02/2025","1812","1988"
"280160","CEDRO DE SÃO JOÃO","SE","08/2025","1861","1984"
"280160","CEDRO DE SÃO JOÃO","SE","09/2025","1869","1990"
"280160","CEDRO DE SÃO JOÃO","SE","10/2025","1876","1999"
"280160","CEDRO DE SÃO JOÃO","SE","03/2025","1825","1992"
"280160","CEDRO DE SÃO JOÃO","SE","07/2025","1849","1972"
"280160","CEDRO DE SÃO JOÃO","SE","06/2025","1853","1978"
"280160","CEDRO DE SÃO JOÃO","SE","12/2025","1901","2017"
"280160","CEDRO DE SÃO JOÃO","SE","01/2025","1811","1991"
"280170","CRISTINÁPOLIS","SE","12/2025","6323","7745"
"280170","CRISTINÁPOLIS","SE","06/2025","6205","7757"
"280170","CRISTINÁPOLIS","SE","05/2025","6174","7733"
"280170","CRISTINÁPOLIS","SE","03/2025","6136","7650"
"280170","CRISTINÁPOLIS","SE","09/2025","6203","7689"
"280170","CRISTINÁPOLIS","SE","02/2025","6120","7633"
"280170","CRISTINÁPOLIS","SE","07/2025","6180","7721"
"280170","CRISTINÁPOLIS","SE","08/2025","6167","7672"
"280170","CRISTINÁPOLIS","SE","01/2025","6128","7623"
"280170","CRISTINÁPOLIS","SE","11/2025","6279","7728"
"280170","CRISTINÁPOLIS","SE","10/2025","6232","7703"
"280190","CUMBE","SE","12/2025","1373","1582"
"280190","CUMBE","SE","01/2025","1356","1577"
"280190","CUMBE","SE","10/2025","1363","1585"
"280190","CUMBE","SE","06/2025","1380","1605"
"280190","CUMBE","SE","09/2025","1356","1592"
"280190","CUMBE","SE","02/2025","1356","1595"
"280190","CUMBE","SE","07/2025","1372","1607"
"280190","CUMBE","SE","03/2025","1358","1605"
"280190","CUMBE","SE","08/2025","1352","1590"
"280190","CUMBE","SE","05/2025","1378","1612"
"280190","CUMBE","SE","11/2025","1378","1591"
"280200","DIVINA PASTORA","SE","09/2025","1515","1885"
"280200","DIVINA PASTORA","SE","11/2025","1528","1896"
"280200","DIVINA PASTORA","SE","05/2025","1496","1854"
"280200","DIVINA PASTORA","SE","08/2025","1501","1877"
"280200","DIVINA PASTORA","SE","12/2025","1523","1901"
"280200","DIVINA PASTORA","SE","03/2025","1467","1835"
"280200","DIVINA PASTORA","SE","06/2025","1506","1876"
"280200","DIVINA PASTORA","SE","02/2025","1454","1824"
"280200","DIVINA PASTORA","SE","10/2025","1519","1894"
"280200","DIVINA PASTORA","SE","07/2025","1504","1876"
"280200","DIVINA PASTORA","SE","01/2025","1458","1805"
"280210","ESTÂNCIA","SE","05/2025","19194","26570"
"280210","ESTÂNCIA","SE","06/2025","19265","26650"
"280210","ESTÂNCIA","SE","08/2025","19071","26507"
"280210","ESTÂNCIA","SE","11/2025","19268","26751"
"280210","ESTÂNCIA","SE","01/2025","19073","26063"
"280210","ESTÂNCIA","SE","10/2025","19246","26708"
"280210","ESTÂNCIA","SE","07/2025","19274","26685"
"280210","ESTÂNCIA","SE","09/2025","19206","26636"
"280210","ESTÂNCIA","SE","03/2025","19129","26196"
"280210","ESTÂNCIA","SE","02/2025","19061","26086"
"280210","ESTÂNCIA","SE","12/2025","19243","26750"
"280220","FEIRA NOVA","SE","01/2025","1962","2519"
"280220","FEIRA NOVA","SE","12/2025","1976","2582"
"280220","FEIRA NOVA","SE","03/2025","1955","2537"
"280220","FEIRA NOVA","SE","07/2025","1955","2556"
"280220","FEIRA NOVA","SE","02/2025","1953","2533"
"280220","FEIRA NOVA","SE","08/2025","1959","2567"
"280220","FEIRA NOVA","SE","05/2025","1957","2552"
"280220","FEIRA NOVA","SE","11/2025","1972","2577"
"280220","FEIRA NOVA","SE","10/2025","1974","2586"
"280220","FEIRA NOVA","SE","09/2025","1974","2581"
"280220","FEIRA NOVA","SE","06/2025","1960","2559"
"280230","FREI PAULO","SE","05/2025","4983","6545"
"280230","FREI PAULO","SE","03/2025","4968","6472"
"280230","FREI PAULO","SE","09/2025","4961","6511"
"280230","FREI PAULO","SE","02/2025","4954","6454"
"280230","FREI PAULO","SE","10/2025","4974","6524"
"280230","FREI PAULO","SE","07/2025","4995","6560"
"280230","FREI PAULO","SE","08/2025","4934","6516"
"280230","FREI PAULO","SE","11/2025","4983","6545"
"280230","FREI PAULO","SE","06/2025","5004","6573"
"280230","FREI PAULO","SE","12/2025","4967","6522"
"280230","FREI PAULO","SE","01/2025","4938","6438"
"280240","GARARU","SE","01/2025","4466","4522"
"280240","GARARU","SE","12/2025","4623","4706"
"280240","GARARU","SE","08/2025","4499","4606"
"280240","GARARU","SE","03/2025","4467","4517"
"280240","GARARU","SE","05/2025","4486","4590"
"280240","GARARU","SE","11/2025","4557","4646"
"280240","GARARU","SE","06/2025","4501","4610"
"280240","GARARU","SE","09/2025","4513","4621"
"280240","GARARU","SE","10/2025","4532","4625"
"280240","GARARU","SE","02/2025","4464","4514"
"280240","GARARU","SE","07/2025","4506","4621"
"280250","GENERAL MAYNARD","SE","11/2025","1092","1515"
"280250","GENERAL MAYNARD","SE","05/2025","1066","1506"
"280250","GENERAL MAYNARD","SE","01/2025","1026","1414"
"280250","GENERAL MAYNARD","SE","07/2025","1079","1516"
"280250","GENERAL MAYNARD","SE","08/2025","1075","1509"
"280250","GENERAL MAYNARD","SE","10/2025","1095","1515"
"280250","GENERAL MAYNARD","SE","06/2025","1076","1511"
"280250","GENERAL MAYNARD","SE","12/2025","1088","1520"
"280250","GENERAL MAYNARD","SE","09/2025","1087","1512"
"280250","GENERAL MAYNARD","SE","03/2025","1054","1481"
"280250","GENERAL MAYNARD","SE","02/2025","1037","1443"
"280260","GRACHO CARDOSO","SE","02/2025","2738","2980"
"280260","GRACHO CARDOSO","SE","09/2025","2808","2994"
"280260","GRACHO CARDOSO","SE","05/2025","2792","3012"
"280260","GRACHO CARDOSO","SE","11/2025","2794","2973"
"280260","GRACHO CARDOSO","SE","08/2025","2804","3007"
"280260","GRACHO CARDOSO","SE","06/2025","2816","3022"
"280260","GRACHO CARDOSO","SE","12/2025","2809","2959"
"280260","GRACHO CARDOSO","SE","07/2025","2813","3020"
"280260","GRACHO CARDOSO","SE","10/2025","2792","2980"
"280260","GRACHO CARDOSO","SE","01/2025","2715","2968"
"280260","GRACHO CARDOSO","SE","03/2025","2751","2991"
"280270","ILHA DAS FLORES","SE","01/2025","3271","3776"
"280270","ILHA DAS FLORES","SE","06/2025","3280","3822"
"280270","ILHA DAS FLORES","SE","02/2025","3266","3776"
"280270","ILHA DAS FLORES","SE","03/2025","3270","3789"
"280270","ILHA DAS FLORES","SE","07/2025","3283","3829"
"280270","ILHA DAS FLORES","SE","12/2025","3319","3854"
"280270","ILHA DAS FLORES","SE","09/2025","3262","3823"
"280270","ILHA DAS FLORES","SE","05/2025","3278","3800"
"280270","ILHA DAS FLORES","SE","08/2025","3264","3815"
"280270","ILHA DAS FLORES","SE","10/2025","3261","3820"
"280270","ILHA DAS FLORES","SE","11/2025","3274","3843"
"280280","INDIAROBA","SE","01/2025","5301","6582"
"280280","INDIAROBA","SE","05/2025","5306","6605"
"280280","INDIAROBA","SE","03/2025","5269","6558"
"280280","INDIAROBA","SE","09/2025","5285","6625"
"280280","INDIAROBA","SE","02/2025","5264","6543"
"280280","INDIAROBA","SE","10/2025","5316","6663"
"280280","INDIAROBA","SE","07/2025","5316","6622"
"280280","INDIAROBA","SE","12/2025","5391","6707"
"280280","INDIAROBA","SE","06/2025","5333","6636"
"280280","INDIAROBA","SE","11/2025","5329","6683"
"280280","INDIAROBA","SE","08/2025","5255","6594"
"280290","ITABAIANA","SE","08/2025","24185","33349"
"280290","ITABAIANA","SE","12/2025","24731","34072"
"280290","ITABAIANA","SE","10/2025","24617","33838"
"280290","ITABAIANA","SE","01/2025","24030","33202"
"280290","ITABAIANA","SE","03/2025","24190","33316"
"280290","ITABAIANA","SE","07/2025","24491","33751"
"280290","ITABAIANA","SE","09/2025","24482","33683"
"280290","ITABAIANA","SE","06/2025","24491","33753"
"280290","ITABAIANA","SE","11/2025","24724","33959"
"280290","ITABAIANA","SE","02/2025","24051","33192"
"280290","ITABAIANA","SE","05/2025","24401","33629"
"280300","ITABAIANINHA","SE","06/2025","14305","17366"
"280300","ITABAIANINHA","SE","08/2025","14273","17283"
"280300","ITABAIANINHA","SE","02/2025","14091","17108"
"280300","ITABAIANINHA","SE","01/2025","14016","17069"
"280300","ITABAIANINHA","SE","10/2025","14385","17330"
"280300","ITABAIANINHA","SE","05/2025","14264","17333"
"280300","ITABAIANINHA","SE","07/2025","14291","17346"
"280300","ITABAIANINHA","SE","09/2025","14349","17317"
"280300","ITABAIANINHA","SE","12/2025","14476","17416"
"280300","ITABAIANINHA","SE","03/2025","14126","17163"
"280300","ITABAIANINHA","SE","11/2025","14450","17389"
"280310","ITABI","SE","05/2025","1825","1831"
"280310","ITABI","SE","11/2025","1826","1834"
"280310","ITABI","SE","09/2025","1810","1819"
"280310","ITABI","SE","10/2025","1810","1823"
"280310","ITABI","SE","03/2025","1795","1809"
"280310","ITABI","SE","02/2025","1787","1803"
"280310","ITABI","SE","07/2025","1830","1829"
"280310","ITABI","SE","06/2025","1828","1828"
"280310","ITABI","SE","12/2025","1831","1836"
"280310","ITABI","SE","01/2025","1794","1795"
"280310","ITABI","SE","08/2025","1814","1809"
"280320","ITAPORANGA DAJUDA","SE","01/2025","10657","14181"
"280320","ITAPORANGA DAJUDA","SE","03/2025","10658","14220"
"280320","ITAPORANGA DAJUDA","SE","07/2025","10754","14451"
"280320","ITAPORANGA DAJUDA","SE","09/2025","10693","14441"
"280320","ITAPORANGA DAJUDA","SE","10/2025","10703","14475"
"280320","ITAPORANGA DAJUDA","SE","05/2025","10758","14385"
"280320","ITAPORANGA DAJUDA","SE","08/2025","10655","14391"
"280320","ITAPORANGA DAJUDA","SE","02/2025","10632","14200"
"280320","ITAPORANGA DAJUDA","SE","12/2025","10703","14515"
"280320","ITAPORANGA DAJUDA","SE","06/2025","10786","14439"
"280320","ITAPORANGA DAJUDA","SE","11/2025","10712","14513"
"280330","JAPARATUBA","SE","09/2025","4942","6703"
"280330","JAPARATUBA","SE","06/2025","4997","6759"
"280330","JAPARATUBA","SE","02/2025","4936","6605"
"280330","JAPARATUBA","SE","07/2025","4990","6746"
"280330","JAPARATUBA","SE","11/2025","4954","6723"
"280330","JAPARATUBA","SE","05/2025","4982","6734"
"280330","JAPARATUBA","SE","03/2025","4960","6625"
"280330","JAPARATUBA","SE","01/2025","4931","6592"
"280330","JAPARATUBA","SE","08/2025","4938","6688"
"280330","JAPARATUBA","SE","10/2025","4955","6713"
"280330","JAPARATUBA","SE","12/2025","4966","6735"
"280340","JAPOATÃ","SE","03/2025","4749","6069"
"280340","JAPOATÃ","SE","05/2025","4731","6109"
"280340","JAPOATÃ","SE","10/2025","4743","6060"
"280340","JAPOATÃ","SE","12/2025","4731","6050"
"280340","JAPOATÃ","SE","08/2025","4724","6030"
"280340","JAPOATÃ","SE","01/2025","4768","6063"
"280340","JAPOATÃ","SE","06/2025","4756","6107"
"280340","JAPOATÃ","SE","07/2025","4754","6097"
"280340","JAPOATÃ","SE","09/2025","4728","6035"
"280340","JAPOATÃ","SE","11/2025","4739","6069"
"280340","JAPOATÃ","SE","02/2025","4747","6069"
"280350","LAGARTO","SE","05/2025","31505","40246"
"280350","LAGARTO","SE","03/2025","31159","39652"
"280350","LAGARTO","SE","12/2025","31737","40580"
"280350","LAGARTO","SE","11/2025","31757","40592"
"280350","LAGARTO","SE","01/2025","31012","39443"
"280350","LAGARTO","SE","07/2025","31767","40625"
"280350","LAGARTO","SE","09/2025","31662","40513"
"280350","LAGARTO","SE","10/2025","31675","40497"
"280350","LAGARTO","SE","06/2025","31821","40633"
"280350","LAGARTO","SE","02/2025","31064","39527"
"280350","LAGARTO","SE","08/2025","31637","40479"
"280360","LARANJEIRAS","SE","03/2025","7022","10046"
"280360","LARANJEIRAS","SE","10/2025","7103","10221"
"280360","LARANJEIRAS","SE","11/2025","7129","10281"
"280360","LARANJEIRAS","SE","08/2025","7042","10129"
"280360","LARANJEIRAS","SE","06/2025","7115","10207"
"280360","LARANJEIRAS","SE","12/2025","7131","10305"
"280360","LARANJEIRAS","SE","09/2025","7076","10175"
"280360","LARANJEIRAS","SE","07/2025","7097","10216"
"280360","LARANJEIRAS","SE","02/2025","7007","10018"
"280360","LARANJEIRAS","SE","01/2025","6985","9990"
"280360","LARANJEIRAS","SE","05/2025","7089","10163"
"280370","MACAMBIRA","SE","08/2025","2627","3177"
"280370","MACAMBIRA","SE","05/2025","2682","3208"
"280370","MACAMBIRA","SE","09/2025","2615","3165"
"280370","MACAMBIRA","SE","06/2025","2675","3221"
"280370","MACAMBIRA","SE","01/2025","2707","3220"
"280370","MACAMBIRA","SE","03/2025","2664","3202"
"280370","MACAMBIRA","SE","02/2025","2703","3213"
"280370","MACAMBIRA","SE","07/2025","2669","3226"
"280370","MACAMBIRA","SE","10/2025","2616","3174"
"280370","MACAMBIRA","SE","12/2025","2597","3174"
"280370","MACAMBIRA","SE","11/2025","2621","3177"
"280380","MALHADA DOS BOIS","SE","08/2025","1237","1665"
"280380","MALHADA DOS BOIS","SE","10/2025","1263","1672"
"280380","MALHADA DOS BOIS","SE","11/2025","1259","1670"
"280380","MALHADA DOS BOIS","SE","12/2025","1267","1668"
"280380","MALHADA DOS BOIS","SE","05/2025","1238","1674"
"280380","MALHADA DOS BOIS","SE","01/2025","1239","1666"
"280380","MALHADA DOS BOIS","SE","03/2025","1231","1659"
"280380","MALHADA DOS BOIS","SE","09/2025","1251","1671"
"280380","MALHADA DOS BOIS","SE","07/2025","1240","1678"
"280380","MALHADA DOS BOIS","SE","02/2025","1225","1651"
"280380","MALHADA DOS BOIS","SE","06/2025","1246","1676"
"280390","MALHADOR","SE","11/2025","4312","5234"
"280390","MALHADOR","SE","05/2025","4289","5221"
"280390","MALHADOR","SE","10/2025","4302","5220"
"280390","MALHADOR","SE","08/2025","4275","5196"
"280390","MALHADOR","SE","01/2025","4203","5131"
"280390","MALHADOR","SE","06/2025","4292","5225"
"280390","MALHADOR","SE","09/2025","4302","5220"
"280390","MALHADOR","SE","02/2025","4243","5170"
"280390","MALHADOR","SE","07/2025","4291","5227"
"280390","MALHADOR","SE","03/2025","4254","5187"
"280390","MALHADOR","SE","12/2025","4309","5236"
"280400","MARUIM","SE","01/2025","3951","5931"
"280400","MARUIM","SE","11/2025","3889","6020"
"280400","MARUIM","SE","09/2025","3896","6006"
"280400","MARUIM","SE","05/2025","3968","6034"
"280400","MARUIM","SE","08/2025","3916","5996"
"280400","MARUIM","SE","12/2025","3893","6029"
"280400","MARUIM","SE","10/2025","3877","6011"
"280400","MARUIM","SE","07/2025","3960","6045"
"280400","MARUIM","SE","03/2025","3963","5961"
"280400","MARUIM","SE","02/2025","3951","5946"
"280400","MARUIM","SE","06/2025","3972","6053"
"280410","MOITA BONITA","SE","12/2025","3939","4425"
"280410","MOITA BONITA","SE","08/2025","3960","4444"
"280410","MOITA BONITA","SE","01/2025","3947","4392"
"280410","MOITA BONITA","SE","03/2025","3963","4402"
"280410","MOITA BONITA","SE","10/2025","3969","4431"
"280410","MOITA BONITA","SE","07/2025","3992","4471"
"280410","MOITA BONITA","SE","02/2025","3951","4385"
"280410","MOITA BONITA","SE","09/2025","3975","4443"
"280410","MOITA BONITA","SE","06/2025","3999","4461"
"280410","MOITA BONITA","SE","11/2025","3969","4433"
"280410","MOITA BONITA","SE","05/2025","3976","4444"
"280420","MONTE ALEGRE DE SERGIPE","SE","12/2025","5871","6736"
"280420","MONTE ALEGRE DE SERGIPE","SE","01/2025","5764","6679"
"280420","MONTE ALEGRE DE SERGIPE","SE","02/2025","5813","6733"
"280420","MONTE ALEGRE DE SERGIPE","SE","05/2025","5906","6796"
"280420","MONTE ALEGRE DE SERGIPE","SE","10/2025","5892","6752"
"280420","MONTE ALEGRE DE SERGIPE","SE","07/2025","5895","6772"
"280420","MONTE ALEGRE DE SERGIPE","SE","09/2025","5880","6742"
"280420","MONTE ALEGRE DE SERGIPE","SE","06/2025","5923","6812"
"280420","MONTE ALEGRE DE SERGIPE","SE","11/2025","5898","6745"
"280420","MONTE ALEGRE DE SERGIPE","SE","03/2025","5833","6749"
"280420","MONTE ALEGRE DE SERGIPE","SE","08/2025","5892","6747"
"280430","MURIBECA","SE","05/2025","2332","3292"
"280430","MURIBECA","SE","09/2025","2306","3277"
"280430","MURIBECA","SE","10/2025","2297","3271"
"280430","MURIBECA","SE","11/2025","2312","3294"
"280430","MURIBECA","SE","12/2025","2313","3300"
"280430","MURIBECA","SE","01/2025","2296","3203"
"280430","MURIBECA","SE","08/2025","2311","3277"
"280430","MURIBECA","SE","02/2025","2297","3216"
"280430","MURIBECA","SE","07/2025","2344","3314"
"280430","MURIBECA","SE","03/2025","2314","3236"
"280430","MURIBECA","SE","06/2025","2354","3316"
"280440","NEÓPOLIS","SE","12/2025","5258","6663"
"280440","NEÓPOLIS","SE","07/2025","5200","6614"
"280440","NEÓPOLIS","SE","02/2025","5195","6562"
"280440","NEÓPOLIS","SE","10/2025","5185","6618"
"280440","NEÓPOLIS","SE","09/2025","5186","6616"
"280440","NEÓPOLIS","SE","03/2025","5216","6581"
"280440","NEÓPOLIS","SE","06/2025","5196","6618"
"280440","NEÓPOLIS","SE","08/2025","5138","6575"
"280440","NEÓPOLIS","SE","01/2025","5232","6596"
"280440","NEÓPOLIS","SE","11/2025","5195","6616"
"280440","NEÓPOLIS","SE","05/2025","5187","6613"
"280445","NOSSA SENHORA APARECIDA","SE","01/2025","3100","3288"
"280445","NOSSA SENHORA APARECIDA","SE","10/2025","3072","3274"
"280445","NOSSA SENHORA APARECIDA","SE","11/2025","3059","3270"
"280445","NOSSA SENHORA APARECIDA","SE","08/2025","3069","3267"
"280445","NOSSA SENHORA APARECIDA","SE","12/2025","3071","3270"
"280445","NOSSA SENHORA APARECIDA","SE","02/2025","3098","3292"
"280445","NOSSA SENHORA APARECIDA","SE","05/2025","3095","3298"
"280445","NOSSA SENHORA APARECIDA","SE","06/2025","3095","3287"
"280445","NOSSA SENHORA APARECIDA","SE","07/2025","3087","3282"
"280445","NOSSA SENHORA APARECIDA","SE","09/2025","3081","3277"
"280445","NOSSA SENHORA APARECIDA","SE","03/2025","3095","3280"
"280450","NOSSA SENHORA DA GLÓRIA","SE","05/2025","11598","15347"
"280450","NOSSA SENHORA DA GLÓRIA","SE","08/2025","11561","15421"
"280450","NOSSA SENHORA DA GLÓRIA","SE","02/2025","11399","14993"
"280450","NOSSA SENHORA DA GLÓRIA","SE","09/2025","11605","15490"
"280450","NOSSA SENHORA DA GLÓRIA","SE","07/2025","11570","15402"
"280450","NOSSA SENHORA DA GLÓRIA","SE","01/2025","11426","14980"
"280450","NOSSA SENHORA DA GLÓRIA","SE","11/2025","11729","15619"
"280450","NOSSA SENHORA DA GLÓRIA","SE","12/2025","11741","15648"
"280450","NOSSA SENHORA DA GLÓRIA","SE","06/2025","11668","15437"
"280450","NOSSA SENHORA DA GLÓRIA","SE","03/2025","11438","15049"
"280450","NOSSA SENHORA DA GLÓRIA","SE","10/2025","11698","15578"
"280460","NOSSA SENHORA DAS DORES","SE","11/2025","7456","9636"
"280460","NOSSA SENHORA DAS DORES","SE","10/2025","7447","9614"
"280460","NOSSA SENHORA DAS DORES","SE","08/2025","7431","9619"
"280460","NOSSA SENHORA DAS DORES","SE","05/2025","7477","9649"
"280460","NOSSA SENHORA DAS DORES","SE","03/2025","7461","9540"
"280460","NOSSA SENHORA DAS DORES","SE","01/2025","7452","9521"
"280460","NOSSA SENHORA DAS DORES","SE","09/2025","7426","9617"
"280460","NOSSA SENHORA DAS DORES","SE","02/2025","7432","9492"
"280460","NOSSA SENHORA DAS DORES","SE","07/2025","7499","9692"
"280460","NOSSA SENHORA DAS DORES","SE","06/2025","7504","9693"
"280460","NOSSA SENHORA DAS DORES","SE","12/2025","7457","9681"
"280470","NOSSA SENHORA DE LOURDES","SE","12/2025","2591","2734"
"280470","NOSSA SENHORA DE LOURDES","SE","10/2025","2545","2700"
"280470","NOSSA SENHORA DE LOURDES","SE","07/2025","2526","2690"
"280470","NOSSA SENHORA DE LOURDES","SE","02/2025","2473","2612"
"280470","NOSSA SENHORA DE LOURDES","SE","08/2025","2516","2681"
"280470","NOSSA SENHORA DE LOURDES","SE","06/2025","2526","2687"
"280470","NOSSA SENHORA DE LOURDES","SE","03/2025","2492","2639"
"280470","NOSSA SENHORA DE LOURDES","SE","01/2025","2464","2581"
"280470","NOSSA SENHORA DE LOURDES","SE","09/2025","2530","2680"
"280470","NOSSA SENHORA DE LOURDES","SE","05/2025","2520","2672"
"280470","NOSSA SENHORA DE LOURDES","SE","11/2025","2552","2706"
"280480","NOSSA SENHORA DO SOCORRO","SE","03/2025","50090","75218"
"280480","NOSSA SENHORA DO SOCORRO","SE","10/2025","50878","76990"
"280480","NOSSA SENHORA DO SOCORRO","SE","07/2025","51024","76906"
"280480","NOSSA SENHORA DO SOCORRO","SE","09/2025","50700","76677"
"280480","NOSSA SENHORA DO SOCORRO","SE","06/2025","51057","76874"
"280480","NOSSA SENHORA DO SOCORRO","SE","12/2025","51160","77504"
"280480","NOSSA SENHORA DO SOCORRO","SE","01/2025","49861","74839"
"280480","NOSSA SENHORA DO SOCORRO","SE","08/2025","50472","76291"
"280480","NOSSA SENHORA DO SOCORRO","SE","02/2025","49879","74948"
"280480","NOSSA SENHORA DO SOCORRO","SE","05/2025","50722","76409"
"280480","NOSSA SENHORA DO SOCORRO","SE","11/2025","51015","77204"
"280490","PACATUBA","SE","12/2025","5048","5552"
"280490","PACATUBA","SE","01/2025","4980","5444"
"280490","PACATUBA","SE","11/2025","4989","5498"
"280490","PACATUBA","SE","10/2025","4971","5473"
"280490","PACATUBA","SE","02/2025","4978","5443"
"280490","PACATUBA","SE","07/2025","5019","5552"
"280490","PACATUBA","SE","09/2025","4967","5463"
"280490","PACATUBA","SE","06/2025","5019","5555"
"280490","PACATUBA","SE","03/2025","4988","5459"
"280490","PACATUBA","SE","08/2025","4954","5464"
"280490","PACATUBA","SE","05/2025","5012","5543"
"280500","PEDRA MOLE","SE","01/2025","1118","1320"
"280500","PEDRA MOLE","SE","07/2025","1112","1351"
"280500","PEDRA MOLE","SE","06/2025","1119","1355"
"280500","PEDRA MOLE","SE","05/2025","1117","1356"
"280500","PEDRA MOLE","SE","11/2025","1085","1323"
"280500","PEDRA MOLE","SE","12/2025","1085","1318"
"280500","PEDRA MOLE","SE","02/2025","1110","1328"
"280500","PEDRA MOLE","SE","03/2025","1107","1325"
"280500","PEDRA MOLE","SE","08/2025","1088","1331"
"280500","PEDRA MOLE","SE","10/2025","1083","1320"
"280500","PEDRA MOLE","SE","09/2025","1081","1325"
"280510","PEDRINHAS","SE","12/2025","3546","3815"
"280510","PEDRINHAS","SE","08/2025","3582","3827"
"280510","PEDRINHAS","SE","02/2025","3680","3866"
"280510","PEDRINHAS","SE","11/2025","3573","3818"
"280510","PEDRINHAS","SE","06/2025","3671","3872"
"280510","PEDRINHAS","SE","07/2025","3628","3863"
"280510","PEDRINHAS","SE","10/2025","3582","3823"
"280510","PEDRINHAS","SE","05/2025","3686","3864"
"280510","PEDRINHAS","SE","03/2025","3683","3870"
"280510","PEDRINHAS","SE","09/2025","3582","3826"
"280510","PEDRINHAS","SE","01/2025","3690","3859"
"280520","PINHÃO","SE","10/2025","2061","2562"
"280520","PINHÃO","SE","08/2025","2060","2541"
"280520","PINHÃO","SE","12/2025","2072","2583"
"280520","PINHÃO","SE","03/2025","2054","2494"
"280520","PINHÃO","SE","02/2025","2058","2482"
"280520","PINHÃO","SE","07/2025","2084","2565"
"280520","PINHÃO","SE","09/2025","2060","2555"
"280520","PINHÃO","SE","06/2025","2083","2559"
"280520","PINHÃO","SE","01/2025","2034","2479"
"280520","PINHÃO","SE","11/2025","2069","2569"
"280520","PINHÃO","SE","05/2025","2081","2541"
"280530","PIRAMBU","SE","08/2025","2729","3452"
"280530","PIRAMBU","SE","03/2025","2755","3442"
"280530","PIRAMBU","SE","09/2025","2746","3486"
"280530","PIRAMBU","SE","10/2025","2754","3479"
"280530","PIRAMBU","SE","05/2025","2752","3476"
"280530","PIRAMBU","SE","11/2025","2780","3493"
"280530","PIRAMBU","SE","02/2025","2751","3437"
"280530","PIRAMBU","SE","06/2025","2756","3485"
"280530","PIRAMBU","SE","01/2025","2721","3422"
"280530","PIRAMBU","SE","07/2025","2748","3472"
"280530","PIRAMBU","SE","12/2025","2846","3527"
"280540","POÇO REDONDO","SE","08/2025","11136","13743"
"280540","POÇO REDONDO","SE","02/2025","10959","13473"
"280540","POÇO REDONDO","SE","11/2025","11325","13856"
"280540","POÇO REDONDO","SE","01/2025","10987","13483"
"280540","POÇO REDONDO","SE","12/2025","11384","13880"
"280540","POÇO REDONDO","SE","06/2025","11164","13712"
"280540","POÇO REDONDO","SE","05/2025","11115","13676"
"280540","POÇO REDONDO","SE","09/2025","11205","13779"
"280540","POÇO REDONDO","SE","07/2025","11186","13759"
"280540","POÇO REDONDO","SE","10/2025","11273","13827"
"280540","POÇO REDONDO","SE","03/2025","11036","13534"
"280550","POÇO VERDE","SE","05/2025","7767","8785"
"280550","POÇO VERDE","SE","01/2025","7666","8619"
"280550","POÇO VERDE","SE","08/2025","7767","8790"
"280550","POÇO VERDE","SE","11/2025","7835","8946"
"280550","POÇO VERDE","SE","06/2025","7813","8829"
"280550","POÇO VERDE","SE","07/2025","7802","8838"
"280550","POÇO VERDE","SE","02/2025","7681","8623"
"280550","POÇO VERDE","SE","03/2025","7691","8650"
"280550","POÇO VERDE","SE","12/2025","7820","8956"
"280550","POÇO VERDE","SE","09/2025","7790","8858"
"280550","POÇO VERDE","SE","10/2025","7823","8898"
"280560","PORTO DA FOLHA","SE","11/2025","10659","11742"
"280560","PORTO DA FOLHA","SE","01/2025","10430","11453"
"280560","PORTO DA FOLHA","SE","09/2025","10593","11706"
"280560","PORTO DA FOLHA","SE","07/2025","10608","11729"
"280560","PORTO DA FOLHA","SE","10/2025","10607","11703"
"280560","PORTO DA FOLHA","SE","06/2025","10586","11736"
"280560","PORTO DA FOLHA","SE","03/2025","10441","11493"
"280560","PORTO DA FOLHA","SE","02/2025","10395","11429"
"280560","PORTO DA FOLHA","SE","12/2025","10730","11782"
"280560","PORTO DA FOLHA","SE","08/2025","10563","11673"
"280560","PORTO DA FOLHA","SE","05/2025","10530","11663"
"280570","PROPRIÁ","SE","03/2025","7311","9633"
"280570","PROPRIÁ","SE","10/2025","7384","9762"
"280570","PROPRIÁ","SE","05/2025","7347","9781"
"280570","PROPRIÁ","SE","08/2025","7326","9704"
"280570","PROPRIÁ","SE","02/2025","7265","9575"
"280570","PROPRIÁ","SE","06/2025","7381","9792"
"280570","PROPRIÁ","SE","09/2025","7344","9715"
"280570","PROPRIÁ","SE","07/2025","7392","9777"
"280570","PROPRIÁ","SE","11/2025","7389","9796"
"280570","PROPRIÁ","SE","12/2025","7413","9814"
"280570","PROPRIÁ","SE","01/2025","7261","9571"
"280580","RIACHÃO DO DANTAS","SE","06/2025","7175","8022"
"280580","RIACHÃO DO DANTAS","SE","11/2025","7146","7995"
"280580","RIACHÃO DO DANTAS","SE","12/2025","7147","7992"
"280580","RIACHÃO DO DANTAS","SE","08/2025","7079","7938"
"280580","RIACHÃO DO DANTAS","SE","01/2025","7143","7939"
"280580","RIACHÃO DO DANTAS","SE","03/2025","7146","7942"
"280580","RIACHÃO DO DANTAS","SE","10/2025","7138","7973"
"280580","RIACHÃO DO DANTAS","SE","09/2025","7131","7959"
"280580","RIACHÃO DO DANTAS","SE","07/2025","7119","7982"
"280580","RIACHÃO DO DANTAS","SE","05/2025","7169","8006"
"280580","RIACHÃO DO DANTAS","SE","02/2025","7136","7924"
"280590","RIACHUELO","SE","05/2025","2698","3804"
"280590","RIACHUELO","SE","10/2025","2632","3750"
"280590","RIACHUELO","SE","11/2025","2630","3736"
"280590","RIACHUELO","SE","08/2025","2628","3756"
"280590","RIACHUELO","SE","06/2025","2694","3804"
"280590","RIACHUELO","SE","12/2025","2628","3738"
"280590","RIACHUELO","SE","02/2025","2694","3758"
"280590","RIACHUELO","SE","07/2025","2686","3804"
"280590","RIACHUELO","SE","09/2025","2621","3742"
"280590","RIACHUELO","SE","03/2025","2699","3774"
"280590","RIACHUELO","SE","01/2025","2685","3770"
"280600","RIBEIRÓPOLIS","SE","08/2025","4827","6107"
"280600","RIBEIRÓPOLIS","SE","02/2025","4825","6061"
"280600","RIBEIRÓPOLIS","SE","03/2025","4834","6065"
"280600","RIBEIRÓPOLIS","SE","05/2025","4842","6125"
"280600","RIBEIRÓPOLIS","SE","07/2025","4847","6152"
"280600","RIBEIRÓPOLIS","SE","10/2025","4827","6145"
"280600","RIBEIRÓPOLIS","SE","09/2025","4836","6138"
"280600","RIBEIRÓPOLIS","SE","06/2025","4854","6144"
"280600","RIBEIRÓPOLIS","SE","12/2025","4810","6144"
"280600","RIBEIRÓPOLIS","SE","01/2025","4822","6042"
"280600","RIBEIRÓPOLIS","SE","11/2025","4821","6137"
"280610","ROSÁRIO DO CATETE","SE","09/2025","2633","4234"
"280610","ROSÁRIO DO CATETE","SE","12/2025","2643","4228"
"280610","ROSÁRIO DO CATETE","SE","07/2025","2640","4241"
"280610","ROSÁRIO DO CATETE","SE","10/2025","2630","4223"
"280610","ROSÁRIO DO CATETE","SE","06/2025","2643","4252"
"280610","ROSÁRIO DO CATETE","SE","05/2025","2638","4237"
"280610","ROSÁRIO DO CATETE","SE","01/2025","2591","4103"
"280610","ROSÁRIO DO CATETE","SE","02/2025","2635","4159"
"280610","ROSÁRIO DO CATETE","SE","08/2025","2623","4220"
"280610","ROSÁRIO DO CATETE","SE","03/2025","2644","4172"
"280610","ROSÁRIO DO CATETE","SE","11/2025","2634","4210"
"280620","SALGADO","SE","08/2025","7118","8670"
"280620","SALGADO","SE","07/2025","7162","8716"
"280620","SALGADO","SE","06/2025","7156","8732"
"280620","SALGADO","SE","09/2025","7147","8709"
"280620","SALGADO","SE","02/2025","7057","8578"
"280620","SALGADO","SE","03/2025","7077","8589"
"280620","SALGADO","SE","10/2025","7181","8720"
"280620","SALGADO","SE","12/2025","7197","8748"
"280620","SALGADO","SE","01/2025","7022","8553"
"280620","SALGADO","SE","05/2025","7121","8705"
"280620","SALGADO","SE","11/2025","7215","8741"
"280630","SANTA LUZIA DO ITANHY","SE","01/2025","4999","6086"
"280630","SANTA LUZIA DO ITANHY","SE","06/2025","4995","6130"
"280630","SANTA LUZIA DO ITANHY","SE","03/2025","4965","6068"
"280630","SANTA LUZIA DO ITANHY","SE","12/2025","4971","6094"
"280630","SANTA LUZIA DO ITANHY","SE","10/2025","5003","6107"
"280630","SANTA LUZIA DO ITANHY","SE","02/2025","4971","6061"
"280630","SANTA LUZIA DO ITANHY","SE","09/2025","4988","6094"
"280630","SANTA LUZIA DO ITANHY","SE","08/2025","4974","6084"
"280630","SANTA LUZIA DO ITANHY","SE","05/2025","4977","6110"
"280630","SANTA LUZIA DO ITANHY","SE","11/2025","4987","6107"
"280630","SANTA LUZIA DO ITANHY","SE","07/2025","4979","6112"
"280640","SANTANA DO SÃO FRANCISCO","SE","09/2025","2747","3522"
"280640","SANTANA DO SÃO FRANCISCO","SE","10/2025","2743","3515"
"280640","SANTANA DO SÃO FRANCISCO","SE","01/2025","2786","3575"
"280640","SANTANA DO SÃO FRANCISCO","SE","03/2025","2783","3563"
"280640","SANTANA DO SÃO FRANCISCO","SE","05/2025","2791","3573"
"280640","SANTANA DO SÃO FRANCISCO","SE","07/2025","2785","3568"
"280640","SANTANA DO SÃO FRANCISCO","SE","06/2025","2797","3577"
"280640","SANTANA DO SÃO FRANCISCO","SE","12/2025","2753","3511"
"280640","SANTANA DO SÃO FRANCISCO","SE","02/2025","2778","3561"
"280640","SANTANA DO SÃO FRANCISCO","SE","08/2025","2763","3555"
"280640","SANTANA DO SÃO FRANCISCO","SE","11/2025","2746","3512"
"280650","SANTA ROSA DE LIMA","SE","02/2025","1400","1632"
"280650","SANTA ROSA DE LIMA","SE","01/2025","1399","1629"
"280650","SANTA ROSA DE LIMA","SE","03/2025","1403","1635"
"280650","SANTA ROSA DE LIMA","SE","10/2025","1367","1626"
"280650","SANTA ROSA DE LIMA","SE","07/2025","1409","1671"
"280650","SANTA ROSA DE LIMA","SE","06/2025","1417","1669"
"280650","SANTA ROSA DE LIMA","SE","08/2025","1372","1632"
"280650","SANTA ROSA DE LIMA","SE","11/2025","1377","1623"
"280650","SANTA ROSA DE LIMA","SE","05/2025","1419","1672"
"280650","SANTA ROSA DE LIMA","SE","12/2025","1376","1625"
"280650","SANTA ROSA DE LIMA","SE","09/2025","1371","1624"
"280660","SANTO AMARO DAS BROTAS","SE","01/2025","3139","4719"
"280660","SANTO AMARO DAS BROTAS","SE","06/2025","3169","4731"
"280660","SANTO AMARO DAS BROTAS","SE","10/2025","3151","4587"
"280660","SANTO AMARO DAS BROTAS","SE","11/2025","3151","4570"
"280660","SANTO AMARO DAS BROTAS","SE","03/2025","3143","4700"
"280660","SANTO AMARO DAS BROTAS","SE","12/2025","3172","4573"
"280660","SANTO AMARO DAS BROTAS","SE","02/2025","3153","4720"
"280660","SANTO AMARO DAS BROTAS","SE","09/2025","3146","4590"
"280660","SANTO AMARO DAS BROTAS","SE","05/2025","3161","4739"
"280660","SANTO AMARO DAS BROTAS","SE","07/2025","3165","4680"
"280660","SANTO AMARO DAS BROTAS","SE","08/2025","3137","4619"
"280670","SÃO CRISTÓVÃO","SE","09/2025","21119","30860"
"280670","SÃO CRISTÓVÃO","SE","01/2025","20910","30248"
"280670","SÃO CRISTÓVÃO","SE","08/2025","21016","30701"
"280670","SÃO CRISTÓVÃO","SE","10/2025","21251","31054"
"280670","SÃO CRISTÓVÃO","SE","03/2025","21081","30525"
"280670","SÃO CRISTÓVÃO","SE","02/2025","21029","30385"
"280670","SÃO CRISTÓVÃO","SE","07/2025","21218","30901"
"280670","SÃO CRISTÓVÃO","SE","06/2025","21390","31061"
"280670","SÃO CRISTÓVÃO","SE","11/2025","21322","31145"
"280670","SÃO CRISTÓVÃO","SE","05/2025","21398","31034"
"280670","SÃO CRISTÓVÃO","SE","12/2025","21400","31232"
"280680","SÃO DOMINGOS","SE","01/2025","3164","4219"
"280680","SÃO DOMINGOS","SE","12/2025","3300","4274"
"280680","SÃO DOMINGOS","SE","03/2025","3171","4227"
"280680","SÃO DOMINGOS","SE","05/2025","3225","4293"
"280680","SÃO DOMINGOS","SE","10/2025","3270","4269"
"280680","SÃO DOMINGOS","SE","02/2025","3159","4215"
"280680","SÃO DOMINGOS","SE","07/2025","3278","4313"
"280680","SÃO DOMINGOS","SE","06/2025","3243","4298"
"280680","SÃO DOMINGOS","SE","08/2025","3269","4285"
"280680","SÃO DOMINGOS","SE","11/2025","3292","4295"
"280680","SÃO DOMINGOS","SE","09/2025","3271","4286"
"280690","SÃO FRANCISCO","SE","09/2025","1134","1415"
"280690","SÃO FRANCISCO","SE","11/2025","1159","1446"
"280690","SÃO FRANCISCO","SE","05/2025","1128","1404"
"280690","SÃO FRANCISCO","SE","12/2025","1166","1453"
"280690","SÃO FRANCISCO","SE","08/2025","1132","1409"
"280690","SÃO FRANCISCO","SE","02/2025","1115","1400"
"280690","SÃO FRANCISCO","SE","01/2025","1123","1412"
"280690","SÃO FRANCISCO","SE","03/2025","1112","1394"
"280690","SÃO FRANCISCO","SE","06/2025","1138","1418"
"280690","SÃO FRANCISCO","SE","07/2025","1140","1416"
"280690","SÃO FRANCISCO","SE","10/2025","1158","1439"
"280700","SÃO MIGUEL DO ALEIXO","SE","03/2025","1332","1607"
"280700","SÃO MIGUEL DO ALEIXO","SE","05/2025","1341","1610"
"280700","SÃO MIGUEL DO ALEIXO","SE","11/2025","1360","1611"
"280700","SÃO MIGUEL DO ALEIXO","SE","12/2025","1364","1618"
"280700","SÃO MIGUEL DO ALEIXO","SE","09/2025","1343","1610"
"280700","SÃO MIGUEL DO ALEIXO","SE","06/2025","1340","1607"
"280700","SÃO MIGUEL DO ALEIXO","SE","01/2025","1315","1598"
"280700","SÃO MIGUEL DO ALEIXO","SE","02/2025","1323","1604"
"280700","SÃO MIGUEL DO ALEIXO","SE","08/2025","1334","1598"
"280700","SÃO MIGUEL DO ALEIXO","SE","10/2025","1352","1613"
"280700","SÃO MIGUEL DO ALEIXO","SE","07/2025","1342","1614"
"280710","SIMÃO DIAS","SE","09/2025","14881","17744"
"280710","SIMÃO DIAS","SE","10/2025","14824","17697"
"280710","SIMÃO DIAS","SE","03/2025","14882","17691"
"280710","SIMÃO DIAS","SE","02/2025","14830","17639"
"280710","SIMÃO DIAS","SE","07/2025","14993","17850"
"280710","SIMÃO DIAS","SE","05/2025","14881","17758"
"280710","SIMÃO DIAS","SE","06/2025","14984","17846"
"280710","SIMÃO DIAS","SE","12/2025","14867","17728"
"280710","SIMÃO DIAS","SE","01/2025","14839","17635"
"280710","SIMÃO DIAS","SE","08/2025","14869","17730"
"280710","SIMÃO DIAS","SE","11/2025","14854","17734"
"280720","SIRIRI","SE","02/2025","2428","3283"
"280720","SIRIRI","SE","03/2025","2429","3290"
"280720","SIRIRI","SE","01/2025","2430","3287"
"280720","SIRIRI","SE","11/2025","2443","3272"
"280720","SIRIRI","SE","05/2025","2466","3298"
"280720","SIRIRI","SE","07/2025","2462","3291"
"280720","SIRIRI","SE","10/2025","2434","3268"
"280720","SIRIRI","SE","09/2025","2429","3264"
"280720","SIRIRI","SE","08/2025","2426","3254"
"280720","SIRIRI","SE","06/2025","2480","3310"
"280720","SIRIRI","SE","12/2025","2441","3274"
"280730","TELHA","SE","05/2025","1286","1562"
"280730","TELHA","SE","09/2025","1264","1549"
"280730","TELHA","SE","11/2025","1257","1551"
"280730","TELHA","SE","10/2025","1263","1553"
"280730","TELHA","SE","08/2025","1263","1549"
"280730","TELHA","SE","02/2025","1297","1544"
"280730","TELHA","SE","12/2025","1259","1535"
"280730","TELHA","SE","06/2025","1288","1567"
"280730","TELHA","SE","07/2025","1292","1573"
"280730","TELHA","SE","01/2025","1292","1538"
"280730","TELHA","SE","03/2025","1301","1545"
"280740","TOBIAS BARRETO","SE","02/2025","17529","20658"
"280740","TOBIAS BARRETO","SE","12/2025","17703","21139"
"280740","TOBIAS BARRETO","SE","08/2025","17661","21027"
"280740","TOBIAS BARRETO","SE","01/2025","17477","20607"
"280740","TOBIAS BARRETO","SE","06/2025","17760","21116"
"280740","TOBIAS BARRETO","SE","03/2025","17593","20732"
"280740","TOBIAS BARRETO","SE","05/2025","17684","21022"
"280740","TOBIAS BARRETO","SE","11/2025","17782","21169"
"280740","TOBIAS BARRETO","SE","07/2025","17728","21101"
"280740","TOBIAS BARRETO","SE","09/2025","17715","21081"
"280740","TOBIAS BARRETO","SE","10/2025","17761","21123"
"280750","TOMAR DO GERU","SE","12/2025","4910","5174"
"280750","TOMAR DO GERU","SE","09/2025","4907","5172"
"280750","TOMAR DO GERU","SE","06/2025","4951","5208"
"280750","TOMAR DO GERU","SE","08/2025","4894","5162"
"280750","TOMAR DO GERU","SE","03/2025","4946","5163"
"280750","TOMAR DO GERU","SE","01/2025","4933","5169"
"280750","TOMAR DO GERU","SE","02/2025","4948","5172"
"280750","TOMAR DO GERU","SE","10/2025","4911","5162"
"280750","TOMAR DO GERU","SE","07/2025","4928","5196"
"280750","TOMAR DO GERU","SE","05/2025","4943","5208"
"280750","TOMAR DO GERU","SE","11/2025","4918","5165"
"280760","UMBAÚBA","SE","12/2025","8581","11147"
"280760","UMBAÚBA","SE","09/2025","8547","11149"
"280760","UMBAÚBA","SE","11/2025","8606","11184"
"280760","UMBAÚBA","SE","03/2025","8557","10931"
"280760","UMBAÚBA","SE","02/2025","8556","10938"
"280760","UMBAÚBA","SE","07/2025","8528","11163"
"280760","UMBAÚBA","SE","06/2025","8578","11166"
"280760","UMBAÚBA","SE","01/2025","8555","10912"
"280760","UMBAÚBA","SE","08/2025","8480","11101"
"280760","UMBAÚBA","SE","05/2025","8552","11138"
"280760","UMBAÚBA","SE","10/2025","8582","11171"
