"Código","Unidade Territorial","UF","Referência","Famílias PBF (até Out/2021)","Famílias PBF (a partir de Mar/2023)","Valor repassado às famílias PBF (até Out/2021)","Valor repassado às famílias PBF (a partir de Mar/2023)","Valor do Benefício médio (até Out/2021)","Valor do Benefício médio (a partir de Mar/2023)"
"280010","AMPARO DE SÃO FRANCISCO","SE","02/2025","","331","","215761,0","","651,85"
"280010","AMPARO DE SÃO FRANCISCO","SE","11/2025","","337","","221774,0","","658,08"
"280010","AMPARO DE SÃO FRANCISCO","SE","09/2025","","358","","242320","","676,87"
"280010","AMPARO DE SÃO FRANCISCO","SE","08/2025","","356","","236311","","663,79"
"280010","AMPARO DE SÃO FRANCISCO","SE","06/2025","","350","","236908","","676,88"
"280010","AMPARO DE SÃO FRANCISCO","SE","04/2025","","355","","240657,0","","677,91"
"280010","AMPARO DE SÃO FRANCISCO","SE","12/2025","","335","","221104","","660,01"
"280010","AMPARO DE SÃO FRANCISCO","SE","05/2025","","349","","236607,0","","677,96"
"280010","AMPARO DE SÃO FRANCISCO","SE","07/2025","","362","","242861,0","","670,89"
"280010","AMPARO DE SÃO FRANCISCO","SE","10/2025","","348","","231887","","666,34"
"280010","AMPARO DE SÃO FRANCISCO","SE","01/2025","","332","","216836","","653,12"
"280010","AMPARO DE SÃO FRANCISCO","SE","03/2025","","353","","235528","","667,22"
"280020","AQUIDABÃ","SE","07/2025","","3523","","2347095,0","","666,41"
"280020","AQUIDABÃ","SE","03/2025","","3648","","2424019","","665,21"
"280020","AQUIDABÃ","SE","06/2025","","3647","","2414197","","661,97"
"280020","AQUIDABÃ","SE","04/2025","","3656","","2438572,0","","667,74"
"280020","AQUIDABÃ","SE","05/2025","","3656","","2422837,0","","662,70"
"280020","AQUIDABÃ","SE","12/2025","","3493","","2323621","","669,82"
"280020","AQUIDABÃ","SE","08/2025","","3537","","2351688","","665,07"
"280020","AQUIDABÃ","SE","10/2025","","3529","","2351438","","666,70"
"280020","AQUIDABÃ","SE","02/2025","","3616","","2367360,0","","654,69"
"280020","AQUIDABÃ","SE","11/2025","","3500","","2327326,0","","665,14"
"280020","AQUIDABÃ","SE","09/2025","","3531","","2345521","","664,64"
"280020","AQUIDABÃ","SE","01/2025","","3600","","2373367","","659,27"
"280030","ARACAJU","SE","09/2025","","55298","","37207905","","674,02"
"280030","ARACAJU","SE","11/2025","","54314","","36191467,0","","667,86"
"280030","ARACAJU","SE","08/2025","","55672","","36457726","","655,62"
"280030","ARACAJU","SE","02/2025","","60177","","39639836,0","","658,72"
"280030","ARACAJU","SE","10/2025","","55001","","36934752","","672,43"
"280030","ARACAJU","SE","04/2025","","60211","","39298341,0","","653,39"
"280030","ARACAJU","SE","01/2025","","59854","","39738503","","663,92"
"280030","ARACAJU","SE","07/2025","","57641","","37672117,0","","654,56"
"280030","ARACAJU","SE","05/2025","","60170","","39228425,0","","652,53"
"280030","ARACAJU","SE","12/2025","","55108","","36819509","","671,23"
"280030","ARACAJU","SE","06/2025","","60283","","39247631","","651,46"
"280030","ARACAJU","SE","03/2025","","60239","","39359126","","654,20"
"280040","ARAUÁ","SE","10/2025","","2230","","1466834","","659,84"
"280040","ARAUÁ","SE","04/2025","","2371","","1559837,0","","658,71"
"280040","ARAUÁ","SE","08/2025","","2277","","1499705","","660,08"
"280040","ARAUÁ","SE","05/2025","","2367","","1555659,0","","657,23"
"280040","ARAUÁ","SE","02/2025","","2375","","1559371,0","","656,58"
"280040","ARAUÁ","SE","03/2025","","2376","","1555496","","656,33"
"280040","ARAUÁ","SE","11/2025","","2202","","1460731,0","","664,88"
"280040","ARAUÁ","SE","09/2025","","2252","","1489587","","663,51"
"280040","ARAUÁ","SE","12/2025","","2230","","1483758","","668,96"
"280040","ARAUÁ","SE","07/2025","","2305","","1517285,0","","659,69"
"280040","ARAUÁ","SE","06/2025","","2371","","1555246","","655,95"
"280040","ARAUÁ","SE","01/2025","","2372","","1559682","","657,54"
"280050","AREIA BRANCA","SE","08/2025","","2742","","1849018","","674,82"
"280050","AREIA BRANCA","SE","03/2025","","2830","","1889009","","668,44"
"280050","AREIA BRANCA","SE","02/2025","","2846","","1892601,0","","665,00"
"280050","AREIA BRANCA","SE","04/2025","","2823","","1880341,0","","667,02"
"280050","AREIA BRANCA","SE","06/2025","","2835","","1906700","","673,03"
"280050","AREIA BRANCA","SE","05/2025","","2822","","1876061,0","","665,27"
"280050","AREIA BRANCA","SE","11/2025","","2710","","1828623,0","","675,52"
"280050","AREIA BRANCA","SE","12/2025","","2734","","1842131","","676,26"
"280050","AREIA BRANCA","SE","07/2025","","2776","","1868583,0","","673,85"
"280050","AREIA BRANCA","SE","09/2025","","2758","","1890318","","685,64"
"280050","AREIA BRANCA","SE","01/2025","","2808","","1880166","","669,57"
"280050","AREIA BRANCA","SE","10/2025","","2758","","1880148","","681,95"
"280060","BARRA DOS COQUEIROS","SE","07/2025","","4954","","3313987,0","","669,09"
"280060","BARRA DOS COQUEIROS","SE","09/2025","","5008","","3433630","","685,77"
"280060","BARRA DOS COQUEIROS","SE","08/2025","","4867","","3242386","","666,20"
"280060","BARRA DOS COQUEIROS","SE","04/2025","","5155","","3403263,0","","660,44"
"280060","BARRA DOS COQUEIROS","SE","03/2025","","5144","","3377120","","656,77"
"280060","BARRA DOS COQUEIROS","SE","06/2025","","5143","","3381872","","657,70"
"280060","BARRA DOS COQUEIROS","SE","12/2025","","5033","","3386662","","675,17"
"280060","BARRA DOS COQUEIROS","SE","01/2025","","5178","","3430627","","662,54"
"280060","BARRA DOS COQUEIROS","SE","10/2025","","5012","","3368040","","672,13"
"280060","BARRA DOS COQUEIROS","SE","02/2025","","5180","","3426128,0","","661,41"
"280060","BARRA DOS COQUEIROS","SE","11/2025","","4947","","3331110,0","","673,63"
"280060","BARRA DOS COQUEIROS","SE","05/2025","","5145","","3389310,0","","658,89"
"280067","BOQUIM","SE","07/2025","","4828","","3193305,0","","661,69"
"280067","BOQUIM","SE","11/2025","","4700","","3092598,0","","658,70"
"280067","BOQUIM","SE","09/2025","","4752","","3127572","","658,71"
"280067","BOQUIM","SE","05/2025","","4979","","3302988,0","","663,52"
"280067","BOQUIM","SE","08/2025","","4789","","3158939","","659,90"
"280067","BOQUIM","SE","04/2025","","4980","","3300579,0","","663,17"
"280067","BOQUIM","SE","06/2025","","4980","","3294195","","661,48"
"280067","BOQUIM","SE","02/2025","","4946","","3260349,0","","659,19"
"280067","BOQUIM","SE","12/2025","","4784","","3158005","","663,59"
"280067","BOQUIM","SE","03/2025","","4985","","3295455","","661,61"
"280067","BOQUIM","SE","01/2025","","4957","","3271149","","659,90"
"280067","BOQUIM","SE","10/2025","","4725","","3117164","","660,00"
"280070","BREJO GRANDE","SE","12/2025","","1376","","984801","","719,88"
"280070","BREJO GRANDE","SE","02/2025","","1526","","1073785,0","","703,66"
"280070","BREJO GRANDE","SE","03/2025","","1519","","1054177","","694,45"
"280070","BREJO GRANDE","SE","06/2025","","1515","","1050406","","693,34"
"280070","BREJO GRANDE","SE","04/2025","","1518","","1055976,0","","696,09"
"280070","BREJO GRANDE","SE","01/2025","","1529","","1070991","","700,45"
"280070","BREJO GRANDE","SE","08/2025","","1453","","1022635","","703,81"
"280070","BREJO GRANDE","SE","07/2025","","1475","","1038009,0","","703,73"
"280070","BREJO GRANDE","SE","10/2025","","1452","","1040874","","716,86"
"280070","BREJO GRANDE","SE","09/2025","","1452","","1039239","","715,73"
"280070","BREJO GRANDE","SE","05/2025","","1518","","1055151,0","","695,09"
"280070","BREJO GRANDE","SE","11/2025","","1421","","1010394,0","","711,04"
"280100","CAMPO DO BRITO","SE","09/2025","","2955","","2006265","","679,40"
"280100","CAMPO DO BRITO","SE","06/2025","","3057","","2035093","","665,72"
"280100","CAMPO DO BRITO","SE","04/2025","","3059","","2038624,0","","667,09"
"280100","CAMPO DO BRITO","SE","07/2025","","2954","","1981573,0","","670,81"
"280100","CAMPO DO BRITO","SE","11/2025","","2910","","1966290,0","","676,40"
"280100","CAMPO DO BRITO","SE","05/2025","","3057","","2039543,0","","667,17"
"280100","CAMPO DO BRITO","SE","01/2025","","3063","","2054121","","670,62"
"280100","CAMPO DO BRITO","SE","03/2025","","3066","","2041968","","666,66"
"280100","CAMPO DO BRITO","SE","12/2025","","2888","","1941829","","673,78"
"280100","CAMPO DO BRITO","SE","02/2025","","3066","","2053795,0","","669,86"
"280100","CAMPO DO BRITO","SE","08/2025","","2961","","1992236","","672,83"
"280100","CAMPO DO BRITO","SE","10/2025","","2937","","1994685","","679,39"
"280110","CANHOBA","SE","04/2025","","1208","","802161,0","","664,04"
"280110","CANHOBA","SE","10/2025","","1146","","768513","","670,60"
"280110","CANHOBA","SE","03/2025","","1209","","804903","","665,76"
"280110","CANHOBA","SE","05/2025","","1206","","800711,0","","663,94"
"280110","CANHOBA","SE","01/2025","","1221","","811942","","664,98"
"280110","CANHOBA","SE","07/2025","","1167","","784229,0","","672,00"
"280110","CANHOBA","SE","11/2025","","1139","","761711,0","","668,75"
"280110","CANHOBA","SE","02/2025","","1222","","817943,0","","669,35"
"280110","CANHOBA","SE","08/2025","","1147","","766409","","668,19"
"280110","CANHOBA","SE","09/2025","","1148","","771458","","672,00"
"280110","CANHOBA","SE","06/2025","","1215","","803870","","661,62"
"280110","CANHOBA","SE","12/2025","","1129","","753986","","668,43"
"280120","CANINDÉ DE SÃO FRANCISCO","SE","10/2025","","6027","","4197481","","696,56"
"280120","CANINDÉ DE SÃO FRANCISCO","SE","09/2025","","6078","","4234106","","696,86"
"280120","CANINDÉ DE SÃO FRANCISCO","SE","08/2025","","6130","","4267017","","696,43"
"280120","CANINDÉ DE SÃO FRANCISCO","SE","04/2025","","6164","","4298857,0","","698,66"
"280120","CANINDÉ DE SÃO FRANCISCO","SE","01/2025","","6138","","4279553","","697,22"
"280120","CANINDÉ DE SÃO FRANCISCO","SE","12/2025","","6069","","4242457","","729,07"
"280120","CANINDÉ DE SÃO FRANCISCO","SE","05/2025","","6153","","4287572,0","","697,62"
"280120","CANINDÉ DE SÃO FRANCISCO","SE","03/2025","","6150","","4272201","","696,25"
"280120","CANINDÉ DE SÃO FRANCISCO","SE","11/2025","","5951","","4169325,0","","701,08"
"280120","CANINDÉ DE SÃO FRANCISCO","SE","06/2025","","6155","","4286310","","696,73"
"280120","CANINDÉ DE SÃO FRANCISCO","SE","07/2025","","5990","","4182403,0","","698,70"
"280120","CANINDÉ DE SÃO FRANCISCO","SE","02/2025","","6135","","4268584,0","","695,78"
"280130","CAPELA","SE","04/2025","","5713","","3854864,0","","675,11"
"280130","CAPELA","SE","01/2025","","5727","","3896168","","680,32"
"280130","CAPELA","SE","05/2025","","5711","","3846343,0","","673,85"
"280130","CAPELA","SE","12/2025","","5506","","3890472","","731,43"
"280130","CAPELA","SE","08/2025","","5574","","3777722","","678,10"
"280130","CAPELA","SE","02/2025","","5727","","3892658,0","","679,70"
"280130","CAPELA","SE","07/2025","","5579","","3783181,0","","678,60"
"280130","CAPELA","SE","03/2025","","5723","","3863554","","675,68"
"280130","CAPELA","SE","10/2025","","5430","","3726059","","686,96"
"280130","CAPELA","SE","06/2025","","5714","","3842901","","672,89"
"280130","CAPELA","SE","09/2025","","5592","","3811270","","682,29"
"280130","CAPELA","SE","11/2025","","5368","","3810142,0","","710,05"
"280140","CARIRA","SE","03/2025","","4625","","3060969","","662,26"
"280140","CARIRA","SE","10/2025","","4416","","2940608","","666,35"
"280140","CARIRA","SE","09/2025","","4458","","2975180","","667,83"
"280140","CARIRA","SE","02/2025","","4631","","3071870,0","","663,33"
"280140","CARIRA","SE","01/2025","","4617","","3070614","","665,07"
"280140","CARIRA","SE","11/2025","","4356","","2925305,0","","671,71"
"280140","CARIRA","SE","05/2025","","4614","","3057305,0","","662,61"
"280140","CARIRA","SE","04/2025","","4615","","3065037,0","","664,15"
"280140","CARIRA","SE","12/2025","","4450","","2975805","","689,64"
"280140","CARIRA","SE","06/2025","","4609","","3049335","","661,60"
"280140","CARIRA","SE","07/2025","","4488","","2994214,0","","667,16"
"280140","CARIRA","SE","08/2025","","4480","","2977338","","664,58"
"280150","CARMÓPOLIS","SE","05/2025","","2411","","1606121,0","","666,44"
"280150","CARMÓPOLIS","SE","06/2025","","2414","","1603020","","664,33"
"280150","CARMÓPOLIS","SE","10/2025","","2291","","1545565","","675,51"
"280150","CARMÓPOLIS","SE","01/2025","","2437","","1625396","","666,97"
"280150","CARMÓPOLIS","SE","03/2025","","2430","","1606758","","663,95"
"280150","CARMÓPOLIS","SE","09/2025","","2307","","1551739","","673,79"
"280150","CARMÓPOLIS","SE","07/2025","","2337","","1556604,0","","666,93"
"280150","CARMÓPOLIS","SE","04/2025","","2416","","1604945,0","","666,78"
"280150","CARMÓPOLIS","SE","12/2025","","2291","","1554346","","680,83"
"280150","CARMÓPOLIS","SE","11/2025","","2269","","1527056,0","","674,49"
"280150","CARMÓPOLIS","SE","02/2025","","2443","","1625691,0","","665,45"
"280150","CARMÓPOLIS","SE","08/2025","","2299","","1533756","","668,01"
"280160","CEDRO DE SÃO JOÃO","SE","08/2025","","907","","587648","","647,90"
"280160","CEDRO DE SÃO JOÃO","SE","09/2025","","912","","598924","","656,71"
"280160","CEDRO DE SÃO JOÃO","SE","06/2025","","974","","624317","","640,98"
"280160","CEDRO DE SÃO JOÃO","SE","01/2025","","966","","622916","","644,84"
"280160","CEDRO DE SÃO JOÃO","SE","11/2025","","890","","581674,0","","653,57"
"280160","CEDRO DE SÃO JOÃO","SE","10/2025","","912","","602996","","661,18"
"280160","CEDRO DE SÃO JOÃO","SE","07/2025","","917","","593014,0","","646,69"
"280160","CEDRO DE SÃO JOÃO","SE","03/2025","","979","","631240","","644,78"
"280160","CEDRO DE SÃO JOÃO","SE","05/2025","","972","","624467,0","","642,46"
"280160","CEDRO DE SÃO JOÃO","SE","12/2025","","889","","600335","","678,34"
"280160","CEDRO DE SÃO JOÃO","SE","04/2025","","974","","625572,0","","642,27"
"280160","CEDRO DE SÃO JOÃO","SE","02/2025","","968","","621116,0","","641,65"
"280170","CRISTINÁPOLIS","SE","09/2025","","3789","","2642046","","698,22"
"280170","CRISTINÁPOLIS","SE","07/2025","","3744","","2517180,0","","673,04"
"280170","CRISTINÁPOLIS","SE","10/2025","","3754","","2552798","","680,56"
"280170","CRISTINÁPOLIS","SE","04/2025","","3915","","2604143,0","","666,87"
"280170","CRISTINÁPOLIS","SE","05/2025","","3913","","2618575,0","","669,71"
"280170","CRISTINÁPOLIS","SE","08/2025","","3744","","2519446","","673,65"
"280170","CRISTINÁPOLIS","SE","03/2025","","3917","","2635476","","674,55"
"280170","CRISTINÁPOLIS","SE","02/2025","","3901","","2602742,0","","667,20"
"280170","CRISTINÁPOLIS","SE","11/2025","","3679","","2535000,0","","689,80"
"280170","CRISTINÁPOLIS","SE","01/2025","","3901","","2624751","","672,84"
"280170","CRISTINÁPOLIS","SE","06/2025","","3910","","2597785","","664,91"
"280170","CRISTINÁPOLIS","SE","12/2025","","3710","","2547207","","688,43"
"280190","CUMBE","SE","11/2025","","866","","546234,0","","630,76"
"280190","CUMBE","SE","10/2025","","886","","566619","","639,52"
"280190","CUMBE","SE","02/2025","","937","","594987,0","","634,99"
"280190","CUMBE","SE","07/2025","","908","","581801,0","","640,75"
"280190","CUMBE","SE","06/2025","","948","","611221","","645,43"
"280190","CUMBE","SE","03/2025","","943","","618151","","655,52"
"280190","CUMBE","SE","04/2025","","945","","615726,0","","651,56"
"280190","CUMBE","SE","09/2025","","888","","570829","","642,83"
"280190","CUMBE","SE","05/2025","","947","","603856,0","","638,33"
"280190","CUMBE","SE","12/2025","","854","","540479","","635,11"
"280190","CUMBE","SE","08/2025","","893","","568423","","636,53"
"280190","CUMBE","SE","01/2025","","934","","599726","","642,10"
"280200","DIVINA PASTORA","SE","11/2025","","771","","512326,0","","664,50"
"280200","DIVINA PASTORA","SE","02/2025","","750","","504663,0","","672,88"
"280200","DIVINA PASTORA","SE","12/2025","","776","","513129","","663,82"
"280200","DIVINA PASTORA","SE","10/2025","","779","","519434","","667,65"
"280200","DIVINA PASTORA","SE","07/2025","","771","","534656,0","","694,36"
"280200","DIVINA PASTORA","SE","03/2025","","774","","532005","","688,23"
"280200","DIVINA PASTORA","SE","01/2025","","755","","507418","","672,08"
"280200","DIVINA PASTORA","SE","04/2025","","779","","538967,0","","692,76"
"280200","DIVINA PASTORA","SE","09/2025","","785","","529526","","675,42"
"280200","DIVINA PASTORA","SE","06/2025","","782","","541583","","693,45"
"280200","DIVINA PASTORA","SE","05/2025","","779","","536140,0","","690,01"
"280200","DIVINA PASTORA","SE","08/2025","","774","","527086","","680,99"
"280210","ESTÂNCIA","SE","08/2025","","10944","","7333128","","670,37"
"280210","ESTÂNCIA","SE","03/2025","","11607","","7714507","","665,04"
"280210","ESTÂNCIA","SE","07/2025","","11121","","7446697,0","","669,97"
"280210","ESTÂNCIA","SE","04/2025","","11615","","7741628,0","","666,92"
"280210","ESTÂNCIA","SE","12/2025","","10751","","7319893","","683,27"
"280210","ESTÂNCIA","SE","02/2025","","11636","","7771793,0","","667,91"
"280210","ESTÂNCIA","SE","05/2025","","11590","","7723198,0","","666,60"
"280210","ESTÂNCIA","SE","09/2025","","10842","","7311197","","675,09"
"280210","ESTÂNCIA","SE","10/2025","","10779","","7278156","","675,84"
"280210","ESTÂNCIA","SE","06/2025","","11578","","7700690","","665,29"
"280210","ESTÂNCIA","SE","01/2025","","11585","","7742636","","668,33"
"280210","ESTÂNCIA","SE","11/2025","","10638","","7216346,0","","679,06"
"280220","FEIRA NOVA","SE","05/2025","","1305","","885307,0","","678,40"
"280220","FEIRA NOVA","SE","04/2025","","1308","","887232,0","","678,31"
"280220","FEIRA NOVA","SE","06/2025","","1304","","884027","","677,93"
"280220","FEIRA NOVA","SE","12/2025","","1238","","856016","","693,13"
"280220","FEIRA NOVA","SE","10/2025","","1255","","861050","","686,10"
"280220","FEIRA NOVA","SE","07/2025","","1254","","857507,0","","684,36"
"280220","FEIRA NOVA","SE","08/2025","","1259","","870341","","691,30"
"280220","FEIRA NOVA","SE","11/2025","","1238","","854090,0","","689,89"
"280220","FEIRA NOVA","SE","01/2025","","1310","","895171","","683,34"
"280220","FEIRA NOVA","SE","02/2025","","1308","","890821,0","","681,06"
"280220","FEIRA NOVA","SE","09/2025","","1264","","875238","","692,44"
"280220","FEIRA NOVA","SE","03/2025","","1311","","892669","","680,91"
"280230","FREI PAULO","SE","03/2025","","2815","","1893969","","672,81"
"280230","FREI PAULO","SE","01/2025","","2825","","1902922","","673,60"
"280230","FREI PAULO","SE","12/2025","","2651","","1800502","","696,52"
"280230","FREI PAULO","SE","06/2025","","2810","","1886919","","671,50"
"280230","FREI PAULO","SE","05/2025","","2808","","1888673,0","","672,60"
"280230","FREI PAULO","SE","08/2025","","2757","","1867505","","677,37"
"280230","FREI PAULO","SE","04/2025","","2813","","1897308,0","","674,48"
"280230","FREI PAULO","SE","02/2025","","2818","","1895757,0","","672,73"
"280230","FREI PAULO","SE","10/2025","","2712","","1831552","","675,35"
"280230","FREI PAULO","SE","07/2025","","2711","","1838485,0","","678,16"
"280230","FREI PAULO","SE","09/2025","","2758","","1860294","","674,51"
"280230","FREI PAULO","SE","11/2025","","2640","","1800550,0","","682,54"
"280240","GARARU","SE","11/2025","","2520","","1706082,0","","677,82"
"280240","GARARU","SE","01/2025","","2647","","1786031","","674,74"
"280240","GARARU","SE","04/2025","","2674","","1800224,0","","673,74"
"280240","GARARU","SE","08/2025","","2587","","1732222","","669,85"
"280240","GARARU","SE","07/2025","","2594","","1740702,0","","671,31"
"280240","GARARU","SE","03/2025","","2674","","1792660","","670,91"
"280240","GARARU","SE","05/2025","","2670","","1787594,0","","669,51"
"280240","GARARU","SE","02/2025","","2669","","1793924,0","","672,13"
"280240","GARARU","SE","06/2025","","2676","","1799569","","672,48"
"280240","GARARU","SE","10/2025","","2565","","1724212","","672,73"
"280240","GARARU","SE","12/2025","","2560","","1724497","","686,78"
"280240","GARARU","SE","09/2025","","2581","","1733558","","672,44"
"280250","GENERAL MAYNARD","SE","11/2025","","687","","455118,0","","663,44"
"280250","GENERAL MAYNARD","SE","05/2025","","770","","499294,0","","648,43"
"280250","GENERAL MAYNARD","SE","10/2025","","703","","463528","","660,30"
"280250","GENERAL MAYNARD","SE","03/2025","","764","","496104","","649,35"
"280250","GENERAL MAYNARD","SE","04/2025","","771","","501934,0","","651,86"
"280250","GENERAL MAYNARD","SE","02/2025","","744","","478788,0","","643,53"
"280250","GENERAL MAYNARD","SE","09/2025","","706","","470288","","667,08"
"280250","GENERAL MAYNARD","SE","01/2025","","736","","471398","","640,49"
"280250","GENERAL MAYNARD","SE","12/2025","","700","","463833","","664,52"
"280250","GENERAL MAYNARD","SE","08/2025","","704","","466341","","662,42"
"280250","GENERAL MAYNARD","SE","07/2025","","718","","474791,0","","661,27"
"280250","GENERAL MAYNARD","SE","06/2025","","771","","498861","","647,03"
"280260","GRACHO CARDOSO","SE","05/2025","","1897","","1254005,0","","661,05"
"280260","GRACHO CARDOSO","SE","08/2025","","1835","","1219951","","665,91"
"280260","GRACHO CARDOSO","SE","12/2025","","1853","","1232462","","669,09"
"280260","GRACHO CARDOSO","SE","03/2025","","1908","","1283418","","674,42"
"280260","GRACHO CARDOSO","SE","01/2025","","1873","","1245408","","664,93"
"280260","GRACHO CARDOSO","SE","09/2025","","1842","","1234990","","671,56"
"280260","GRACHO CARDOSO","SE","07/2025","","1852","","1233277,0","","667,00"
"280260","GRACHO CARDOSO","SE","11/2025","","1861","","1245603,0","","669,68"
"280260","GRACHO CARDOSO","SE","06/2025","","1907","","1259182","","660,29"
"280260","GRACHO CARDOSO","SE","10/2025","","1858","","1271783","","685,60"
"280260","GRACHO CARDOSO","SE","02/2025","","1866","","1227638,0","","657,90"
"280260","GRACHO CARDOSO","SE","04/2025","","1893","","1242035,0","","657,86"
"280270","ILHA DAS FLORES","SE","08/2025","","2098","","1456071","","694,69"
"280270","ILHA DAS FLORES","SE","06/2025","","2204","","1511124","","685,63"
"280270","ILHA DAS FLORES","SE","02/2025","","2199","","1520097,0","","691,27"
"280270","ILHA DAS FLORES","SE","09/2025","","2091","","1459033","","699,44"
"280270","ILHA DAS FLORES","SE","01/2025","","2187","","1536585","","702,60"
"280270","ILHA DAS FLORES","SE","12/2025","","2106","","1461292","","697,18"
"280270","ILHA DAS FLORES","SE","03/2025","","2200","","1510953","","687,42"
"280270","ILHA DAS FLORES","SE","05/2025","","2200","","1509065,0","","685,94"
"280270","ILHA DAS FLORES","SE","10/2025","","2087","","1454260","","698,49"
"280270","ILHA DAS FLORES","SE","11/2025","","2070","","1462104,0","","708,38"
"280270","ILHA DAS FLORES","SE","04/2025","","2201","","1523715,0","","692,91"
"280270","ILHA DAS FLORES","SE","07/2025","","2141","","1480529,0","","692,48"
"280280","INDIAROBA","SE","03/2025","","3179","","2198247","","692,14"
"280280","INDIAROBA","SE","02/2025","","3173","","2197590,0","","692,59"
"280280","INDIAROBA","SE","11/2025","","3022","","2143045,0","","709,38"
"280280","INDIAROBA","SE","12/2025","","3028","","2149431","","711,97"
"280280","INDIAROBA","SE","06/2025","","3185","","2198453","","690,25"
"280280","INDIAROBA","SE","07/2025","","3070","","2143019,0","","698,28"
"280280","INDIAROBA","SE","10/2025","","3077","","2168995","","705,13"
"280280","INDIAROBA","SE","01/2025","","3093","","2154187","","696,47"
"280280","INDIAROBA","SE","08/2025","","3082","","2153526","","698,97"
"280280","INDIAROBA","SE","09/2025","","3081","","2173190","","705,58"
"280280","INDIAROBA","SE","05/2025","","3187","","2215727,0","","695,24"
"280280","INDIAROBA","SE","04/2025","","3186","","2210696,0","","694,75"
"280290","ITABAIANA","SE","12/2025","","12190","","8066757","","666,29"
"280290","ITABAIANA","SE","03/2025","","13449","","8798350","","654,88"
"280290","ITABAIANA","SE","08/2025","","12490","","8203621","","656,97"
"280290","ITABAIANA","SE","07/2025","","12979","","8537877,0","","658,03"
"280290","ITABAIANA","SE","11/2025","","12345","","8215072,0","","666,05"
"280290","ITABAIANA","SE","06/2025","","13412","","8766952","","653,81"
"280290","ITABAIANA","SE","09/2025","","12501","","8489507","","679,54"
"280290","ITABAIANA","SE","02/2025","","13535","","8918553,0","","658,93"
"280290","ITABAIANA","SE","01/2025","","13488","","8911269","","660,68"
"280290","ITABAIANA","SE","04/2025","","13428","","8801431,0","","655,99"
"280290","ITABAIANA","SE","05/2025","","13416","","8781103,0","","654,87"
"280290","ITABAIANA","SE","10/2025","","12463","","8416739","","675,66"
"280300","ITABAIANINHA","SE","10/2025","","10267","","6901979","","672,45"
"280300","ITABAIANINHA","SE","08/2025","","10409","","6962720","","669,11"
"280300","ITABAIANINHA","SE","11/2025","","10179","","6864384,0","","674,96"
"280300","ITABAIANINHA","SE","12/2025","","9977","","6732857","","679,19"
"280300","ITABAIANINHA","SE","05/2025","","10733","","7183767,0","","669,63"
"280300","ITABAIANINHA","SE","01/2025","","10620","","7170225","","675,16"
"280300","ITABAIANINHA","SE","06/2025","","10737","","7174385","","668,44"
"280300","ITABAIANINHA","SE","09/2025","","10361","","6968542","","672,90"
"280300","ITABAIANINHA","SE","04/2025","","10730","","7180630,0","","670,34"
"280300","ITABAIANINHA","SE","02/2025","","10627","","7159699,0","","673,73"
"280300","ITABAIANINHA","SE","03/2025","","10738","","7188637","","670,58"
"280300","ITABAIANINHA","SE","07/2025","","10485","","7043128,0","","671,99"
"280310","ITABI","SE","03/2025","","921","","623985","","678,24"
"280310","ITABI","SE","12/2025","","848","","574574","","681,58"
"280310","ITABI","SE","05/2025","","919","","619915,0","","674,55"
"280310","ITABI","SE","06/2025","","922","","620681","","673,19"
"280310","ITABI","SE","10/2025","","870","","581011","","667,83"
"280310","ITABI","SE","04/2025","","921","","621065,0","","675,07"
"280310","ITABI","SE","02/2025","","917","","620909,0","","677,11"
"280310","ITABI","SE","07/2025","","886","","593975,0","","670,40"
"280310","ITABI","SE","08/2025","","881","","588390","","667,87"
"280310","ITABI","SE","09/2025","","875","","586777","","670,60"
"280310","ITABI","SE","01/2025","","913","","620752","","679,90"
"280310","ITABI","SE","11/2025","","855","","583350,0","","682,28"
"280320","ITAPORANGA DAJUDA","SE","08/2025","","6259","","4232227","","676,40"
"280320","ITAPORANGA DAJUDA","SE","12/2025","","6026","","4093687","","682,62"
"280320","ITAPORANGA DAJUDA","SE","03/2025","","6531","","4425962","","678,83"
"280320","ITAPORANGA DAJUDA","SE","10/2025","","6178","","4204697","","681,25"
"280320","ITAPORANGA DAJUDA","SE","11/2025","","6094","","4148968,0","","682,06"
"280320","ITAPORANGA DAJUDA","SE","04/2025","","6526","","4406454,0","","676,36"
"280320","ITAPORANGA DAJUDA","SE","07/2025","","6261","","4236905,0","","677,15"
"280320","ITAPORANGA DAJUDA","SE","05/2025","","6518","","4398511,0","","675,14"
"280320","ITAPORANGA DAJUDA","SE","06/2025","","6527","","4378623","","671,16"
"280320","ITAPORANGA DAJUDA","SE","02/2025","","6531","","4423783,0","","677,35"
"280320","ITAPORANGA DAJUDA","SE","09/2025","","6211","","4220123","","680,34"
"280320","ITAPORANGA DAJUDA","SE","01/2025","","6508","","4447224","","683,35"
"280330","JAPARATUBA","SE","08/2025","","2745","","1834878","","669,18"
"280330","JAPARATUBA","SE","10/2025","","2745","","1846558","","673,43"
"280330","JAPARATUBA","SE","06/2025","","2854","","1886701","","661,77"
"280330","JAPARATUBA","SE","03/2025","","2847","","1881738","","661,65"
"280330","JAPARATUBA","SE","09/2025","","2759","","1854729","","672,98"
"280330","JAPARATUBA","SE","04/2025","","2853","","1889271,0","","662,90"
"280330","JAPARATUBA","SE","05/2025","","2851","","1887331,0","","662,69"
"280330","JAPARATUBA","SE","02/2025","","2860","","1909616,0","","667,70"
"280330","JAPARATUBA","SE","11/2025","","2725","","1834519,0","","673,47"
"280330","JAPARATUBA","SE","01/2025","","2846","","1901399","","668,10"
"280330","JAPARATUBA","SE","12/2025","","2714","","1826721","","675,06"
"280330","JAPARATUBA","SE","07/2025","","2790","","1862220,0","","668,42"
"280340","JAPOATÃ","SE","07/2025","","3333","","2241592,0","","672,54"
"280340","JAPOATÃ","SE","01/2025","","3542","","2374078","","670,26"
"280340","JAPOATÃ","SE","02/2025","","3544","","2364245,0","","667,11"
"280340","JAPOATÃ","SE","04/2025","","3509","","2342372,0","","667,53"
"280340","JAPOATÃ","SE","11/2025","","3226","","2176712,0","","675,16"
"280340","JAPOATÃ","SE","09/2025","","3262","","2204556","","676,04"
"280340","JAPOATÃ","SE","10/2025","","3268","","2243882","","686,83"
"280340","JAPOATÃ","SE","06/2025","","3509","","2334901","","665,40"
"280340","JAPOATÃ","SE","05/2025","","3510","","2340496,0","","666,81"
"280340","JAPOATÃ","SE","08/2025","","3291","","2216521","","673,51"
"280340","JAPOATÃ","SE","12/2025","","3178","","2159472","","682,51"
"280340","JAPOATÃ","SE","03/2025","","3521","","2356353","","669,23"
"280350","LAGARTO","SE","10/2025","","20152","","13053671","","648,24"
"280350","LAGARTO","SE","05/2025","","22007","","14054501,0","","638,75"
"280350","LAGARTO","SE","04/2025","","22028","","14154746,0","","642,73"
"280350","LAGARTO","SE","12/2025","","20171","","13298285","","692,11"
"280350","LAGARTO","SE","09/2025","","20675","","13305814","","644,04"
"280350","LAGARTO","SE","02/2025","","21863","","13990881,0","","639,93"
"280350","LAGARTO","SE","01/2025","","21851","","14027994","","641,98"
"280350","LAGARTO","SE","06/2025","","21975","","14021723","","638,19"
"280350","LAGARTO","SE","08/2025","","20870","","13399986","","642,22"
"280350","LAGARTO","SE","03/2025","","21989","","14065252","","639,79"
"280350","LAGARTO","SE","07/2025","","21015","","13555987,0","","645,22"
"280350","LAGARTO","SE","11/2025","","19792","","12986908,0","","657,20"
"280360","LARANJEIRAS","SE","07/2025","","3941","","2684720,0","","681,40"
"280360","LARANJEIRAS","SE","12/2025","","3825","","2644994","","694,95"
"280360","LARANJEIRAS","SE","04/2025","","4080","","2740142,0","","671,60"
"280360","LARANJEIRAS","SE","10/2025","","3871","","2688226","","694,45"
"280360","LARANJEIRAS","SE","06/2025","","4079","","2738229","","671,46"
"280360","LARANJEIRAS","SE","09/2025","","3871","","2671457","","690,12"
"280360","LARANJEIRAS","SE","02/2025","","4102","","2759354,0","","672,69"
"280360","LARANJEIRAS","SE","08/2025","","3883","","2652845","","683,19"
"280360","LARANJEIRAS","SE","01/2025","","4090","","2753870","","673,32"
"280360","LARANJEIRAS","SE","03/2025","","4073","","2726669","","669,45"
"280360","LARANJEIRAS","SE","05/2025","","4080","","2741625,0","","672,13"
"280360","LARANJEIRAS","SE","11/2025","","3834","","2641394,0","","689,48"
"280370","MACAMBIRA","SE","02/2025","","1551","","1030749,0","","664,57"
"280370","MACAMBIRA","SE","01/2025","","1543","","1026874","","665,50"
"280370","MACAMBIRA","SE","11/2025","","1431","","953691,0","","666,45"
"280370","MACAMBIRA","SE","05/2025","","1536","","1013294,0","","659,70"
"280370","MACAMBIRA","SE","06/2025","","1527","","1007613","","659,86"
"280370","MACAMBIRA","SE","04/2025","","1538","","1014524,0","","660,07"
"280370","MACAMBIRA","SE","08/2025","","1485","","985880","","663,89"
"280370","MACAMBIRA","SE","07/2025","","1492","","992074,0","","664,93"
"280370","MACAMBIRA","SE","09/2025","","1471","","976603","","663,90"
"280370","MACAMBIRA","SE","03/2025","","1541","","1019116","","661,76"
"280370","MACAMBIRA","SE","12/2025","","1437","","955799","","685,16"
"280370","MACAMBIRA","SE","10/2025","","1454","","965168","","663,80"
"280380","MALHADA DOS BOIS","SE","06/2025","","732","","485242","","662,90"
"280380","MALHADA DOS BOIS","SE","10/2025","","707","","471810","","667,34"
"280380","MALHADA DOS BOIS","SE","09/2025","","713","","476130","","667,78"
"280380","MALHADA DOS BOIS","SE","08/2025","","716","","477255","","666,56"
"280380","MALHADA DOS BOIS","SE","04/2025","","736","","488498,0","","663,72"
"280380","MALHADA DOS BOIS","SE","03/2025","","735","","485790","","660,94"
"280380","MALHADA DOS BOIS","SE","07/2025","","722","","481876,0","","667,42"
"280380","MALHADA DOS BOIS","SE","11/2025","","696","","464069,0","","666,77"
"280380","MALHADA DOS BOIS","SE","02/2025","","740","","493930,0","","667,47"
"280380","MALHADA DOS BOIS","SE","05/2025","","733","","486523,0","","663,74"
"280380","MALHADA DOS BOIS","SE","12/2025","","693","","468264","","678,64"
"280380","MALHADA DOS BOIS","SE","01/2025","","742","","500180","","674,10"
"280390","MALHADOR","SE","07/2025","","2545","","1689762,0","","664,21"
"280390","MALHADOR","SE","11/2025","","2482","","1669375,0","","673,68"
"280390","MALHADOR","SE","05/2025","","2657","","1759076,0","","662,05"
"280390","MALHADOR","SE","06/2025","","2659","","1750296","","658,25"
"280390","MALHADOR","SE","01/2025","","2629","","1744356","","663,51"
"280390","MALHADOR","SE","08/2025","","2519","","1674709","","665,09"
"280390","MALHADOR","SE","03/2025","","2662","","1754899","","659,74"
"280390","MALHADOR","SE","04/2025","","2655","","1751601,0","","659,99"
"280390","MALHADOR","SE","02/2025","","2660","","1766246,0","","664,00"
"280390","MALHADOR","SE","12/2025","","2482","","1683957","","681,49"
"280390","MALHADOR","SE","09/2025","","2524","","1702512","","675,06"
"280390","MALHADOR","SE","10/2025","","2509","","1682843","","671,26"
"280400","MARUIM","SE","02/2025","","2826","","1937888,0","","685,74"
"280400","MARUIM","SE","08/2025","","2690","","1852690","","688,73"
"280400","MARUIM","SE","10/2025","","2709","","1872525","","691,22"
"280400","MARUIM","SE","09/2025","","2709","","1879892","","693,94"
"280400","MARUIM","SE","01/2025","","2820","","1938145","","687,29"
"280400","MARUIM","SE","06/2025","","2810","","1916432","","682,00"
"280400","MARUIM","SE","11/2025","","2675","","1844640,0","","690,36"
"280400","MARUIM","SE","07/2025","","2729","","1872279,0","","686,32"
"280400","MARUIM","SE","03/2025","","2811","","1922000","","683,74"
"280400","MARUIM","SE","04/2025","","2806","","1918108,0","","683,57"
"280400","MARUIM","SE","12/2025","","2669","","1837398","","690,75"
"280400","MARUIM","SE","05/2025","","2808","","1919058,0","","683,67"
"280410","MOITA BONITA","SE","12/2025","","1808","","1177410","","655,57"
"280410","MOITA BONITA","SE","03/2025","","1971","","1273991","","647,02"
"280410","MOITA BONITA","SE","09/2025","","1892","","1229992","","650,45"
"280410","MOITA BONITA","SE","02/2025","","1968","","1273797,0","","647,25"
"280410","MOITA BONITA","SE","11/2025","","1832","","1191925,0","","650,97"
"280410","MOITA BONITA","SE","10/2025","","1871","","1211394","","647,46"
"280410","MOITA BONITA","SE","04/2025","","1976","","1279606,0","","648,23"
"280410","MOITA BONITA","SE","06/2025","","1971","","1276593","","647,69"
"280410","MOITA BONITA","SE","01/2025","","1962","","1271690","","648,16"
"280410","MOITA BONITA","SE","08/2025","","1906","","1236039","","648,50"
"280410","MOITA BONITA","SE","07/2025","","1925","","1249741,0","","649,22"
"280410","MOITA BONITA","SE","05/2025","","1972","","1280438,0","","649,31"
"280420","MONTE ALEGRE DE SERGIPE","SE","08/2025","","3845","","2629202","","683,80"
"280420","MONTE ALEGRE DE SERGIPE","SE","02/2025","","3991","","2727044,0","","683,30"
"280420","MONTE ALEGRE DE SERGIPE","SE","05/2025","","4013","","2736266,0","","681,85"
"280420","MONTE ALEGRE DE SERGIPE","SE","04/2025","","4014","","2738254,0","","682,69"
"280420","MONTE ALEGRE DE SERGIPE","SE","10/2025","","3792","","2600558","","685,80"
"280420","MONTE ALEGRE DE SERGIPE","SE","01/2025","","3992","","2741755","","686,81"
"280420","MONTE ALEGRE DE SERGIPE","SE","06/2025","","4017","","2724961","","678,36"
"280420","MONTE ALEGRE DE SERGIPE","SE","07/2025","","3888","","2660042,0","","684,17"
"280420","MONTE ALEGRE DE SERGIPE","SE","03/2025","","4010","","2740376","","684,07"
"280420","MONTE ALEGRE DE SERGIPE","SE","11/2025","","3740","","2564583,0","","685,72"
"280420","MONTE ALEGRE DE SERGIPE","SE","09/2025","","3820","","2612665","","683,94"
"280420","MONTE ALEGRE DE SERGIPE","SE","12/2025","","3813","","2617387","","693,72"
"280430","MURIBECA","SE","10/2025","","1760","","1183749","","672,97"
"280430","MURIBECA","SE","09/2025","","1774","","1190655","","671,55"
"280430","MURIBECA","SE","05/2025","","1868","","1229374,0","","658,12"
"280430","MURIBECA","SE","07/2025","","1807","","1200276,0","","664,24"
"280430","MURIBECA","SE","01/2025","","1848","","1218378","","659,30"
"280430","MURIBECA","SE","08/2025","","1777","","1184513","","666,58"
"280430","MURIBECA","SE","02/2025","","1857","","1226761,0","","660,61"
"280430","MURIBECA","SE","04/2025","","1868","","1229024,0","","658,64"
"280430","MURIBECA","SE","12/2025","","1737","","1166955","","674,15"
"280430","MURIBECA","SE","06/2025","","1868","","1229026","","657,94"
"280430","MURIBECA","SE","03/2025","","1865","","1230684","","660,59"
"280430","MURIBECA","SE","11/2025","","1734","","1164994,0","","672,24"
"280440","NEÓPOLIS","SE","07/2025","","3183","","2155410,0","","677,38"
"280440","NEÓPOLIS","SE","06/2025","","3318","","2232835","","672,95"
"280440","NEÓPOLIS","SE","01/2025","","3424","","2291056","","669,12"
"280440","NEÓPOLIS","SE","12/2025","","3102","","2127933","","692,24"
"280440","NEÓPOLIS","SE","04/2025","","3388","","2277154,0","","672,32"
"280440","NEÓPOLIS","SE","02/2025","","3410","","2278077,0","","668,06"
"280440","NEÓPOLIS","SE","08/2025","","3154","","2138554","","678,26"
"280440","NEÓPOLIS","SE","03/2025","","3374","","2271887","","673,55"
"280440","NEÓPOLIS","SE","05/2025","","3385","","2267415,0","","669,84"
"280440","NEÓPOLIS","SE","09/2025","","3154","","2178095","","690,80"
"280440","NEÓPOLIS","SE","11/2025","","3105","","2123818,0","","684,22"
"280440","NEÓPOLIS","SE","10/2025","","3144","","2144047","","682,17"
"280445","NOSSA SENHORA APARECIDA","SE","06/2025","","1866","","1213131","","650,12"
"280445","NOSSA SENHORA APARECIDA","SE","03/2025","","1879","","1216151","","647,23"
"280445","NOSSA SENHORA APARECIDA","SE","05/2025","","1867","","1210916,0","","648,59"
"280445","NOSSA SENHORA APARECIDA","SE","01/2025","","1880","","1217589","","647,65"
"280445","NOSSA SENHORA APARECIDA","SE","10/2025","","1785","","1170007","","655,47"
"280445","NOSSA SENHORA APARECIDA","SE","12/2025","","1765","","1156679","","663,99"
"280445","NOSSA SENHORA APARECIDA","SE","07/2025","","1793","","1179774,0","","657,99"
"280445","NOSSA SENHORA APARECIDA","SE","09/2025","","1795","","1177947","","656,24"
"280445","NOSSA SENHORA APARECIDA","SE","11/2025","","1758","","1156514,0","","657,86"
"280445","NOSSA SENHORA APARECIDA","SE","08/2025","","1805","","1184378","","656,17"
"280445","NOSSA SENHORA APARECIDA","SE","02/2025","","1887","","1223594,0","","648,43"
"280445","NOSSA SENHORA APARECIDA","SE","04/2025","","1872","","1213241,0","","648,10"
"280450","NOSSA SENHORA DA GLÓRIA","SE","09/2025","","7238","","4852054","","670,91"
"280450","NOSSA SENHORA DA GLÓRIA","SE","04/2025","","7505","","5019177,0","","669,40"
"280450","NOSSA SENHORA DA GLÓRIA","SE","07/2025","","7265","","4867330,0","","670,15"
"280450","NOSSA SENHORA DA GLÓRIA","SE","11/2025","","7125","","4809688,0","","675,61"
"280450","NOSSA SENHORA DA GLÓRIA","SE","02/2025","","7519","","5035027,0","","669,64"
"280450","NOSSA SENHORA DA GLÓRIA","SE","03/2025","","7498","","5006446","","668,51"
"280450","NOSSA SENHORA DA GLÓRIA","SE","10/2025","","7189","","4817838","","670,63"
"280450","NOSSA SENHORA DA GLÓRIA","SE","01/2025","","7490","","5024610","","670,84"
"280450","NOSSA SENHORA DA GLÓRIA","SE","05/2025","","7492","","5014710,0","","669,52"
"280450","NOSSA SENHORA DA GLÓRIA","SE","08/2025","","7240","","4844224","","669,18"
"280450","NOSSA SENHORA DA GLÓRIA","SE","06/2025","","7488","","4998461","","667,62"
"280450","NOSSA SENHORA DA GLÓRIA","SE","12/2025","","7383","","4977343","","690,82"
"280460","NOSSA SENHORA DAS DORES","SE","12/2025","","5404","","3573405","","663,22"
"280460","NOSSA SENHORA DAS DORES","SE","06/2025","","5657","","3692452","","652,72"
"280460","NOSSA SENHORA DAS DORES","SE","11/2025","","5248","","3489373,0","","665,28"
"280460","NOSSA SENHORA DAS DORES","SE","08/2025","","5376","","3536200","","657,78"
"280460","NOSSA SENHORA DAS DORES","SE","10/2025","","5306","","3495927","","660,73"
"280460","NOSSA SENHORA DAS DORES","SE","07/2025","","5462","","3595486,0","","658,27"
"280460","NOSSA SENHORA DAS DORES","SE","03/2025","","5655","","3699481","","654,43"
"280460","NOSSA SENHORA DAS DORES","SE","05/2025","","5659","","3699349,0","","653,83"
"280460","NOSSA SENHORA DAS DORES","SE","01/2025","","5627","","3692035","","656,13"
"280460","NOSSA SENHORA DAS DORES","SE","09/2025","","5329","","3512967","","662,20"
"280460","NOSSA SENHORA DAS DORES","SE","02/2025","","5637","","3685028,0","","653,72"
"280460","NOSSA SENHORA DAS DORES","SE","04/2025","","5661","","3711246,0","","655,70"
"280470","NOSSA SENHORA DE LOURDES","SE","01/2025","","1180","","789236","","668,84"
"280470","NOSSA SENHORA DE LOURDES","SE","05/2025","","1204","","801753,0","","665,91"
"280470","NOSSA SENHORA DE LOURDES","SE","11/2025","","1136","","768854,0","","676,81"
"280470","NOSSA SENHORA DE LOURDES","SE","12/2025","","1128","","755936","","674,94"
"280470","NOSSA SENHORA DE LOURDES","SE","06/2025","","1200","","798348","","665,29"
"280470","NOSSA SENHORA DE LOURDES","SE","09/2025","","1168","","781953","","669,48"
"280470","NOSSA SENHORA DE LOURDES","SE","10/2025","","1159","","779140","","672,25"
"280470","NOSSA SENHORA DE LOURDES","SE","07/2025","","1173","","785405,0","","669,57"
"280470","NOSSA SENHORA DE LOURDES","SE","04/2025","","1204","","802203,0","","666,28"
"280470","NOSSA SENHORA DE LOURDES","SE","03/2025","","1203","","801440","","666,20"
"280470","NOSSA SENHORA DE LOURDES","SE","08/2025","","1166","","778073","","667,30"
"280470","NOSSA SENHORA DE LOURDES","SE","02/2025","","1178","","787921,0","","668,86"
"280480","NOSSA SENHORA DO SOCORRO","SE","07/2025","","31522","","20900484,0","","663,87"
"280480","NOSSA SENHORA DO SOCORRO","SE","12/2025","","30076","","20320642","","678,73"
"280480","NOSSA SENHORA DO SOCORRO","SE","02/2025","","33014","","21957284,0","","665,09"
"280480","NOSSA SENHORA DO SOCORRO","SE","04/2025","","32999","","21807180,0","","661,83"
"280480","NOSSA SENHORA DO SOCORRO","SE","03/2025","","33059","","21832325","","661,41"
"280480","NOSSA SENHORA DO SOCORRO","SE","11/2025","","30612","","20570176,0","","672,93"
"280480","NOSSA SENHORA DO SOCORRO","SE","05/2025","","32975","","21778189,0","","660,95"
"280480","NOSSA SENHORA DO SOCORRO","SE","09/2025","","31248","","21118030","","676,64"
"280480","NOSSA SENHORA DO SOCORRO","SE","06/2025","","32994","","21784676","","660,60"
"280480","NOSSA SENHORA DO SOCORRO","SE","08/2025","","31510","","20961656","","665,85"
"280480","NOSSA SENHORA DO SOCORRO","SE","10/2025","","31007","","20863456","","673,60"
"280480","NOSSA SENHORA DO SOCORRO","SE","01/2025","","32790","","21814930","","665,29"
"280490","PACATUBA","SE","09/2025","","2397","","1642525","","685,53"
"280490","PACATUBA","SE","03/2025","","2436","","1649717","","677,22"
"280490","PACATUBA","SE","07/2025","","2429","","1658811,0","","683,20"
"280490","PACATUBA","SE","08/2025","","2413","","1653663","","685,31"
"280490","PACATUBA","SE","05/2025","","2433","","1649784,0","","678,09"
"280490","PACATUBA","SE","10/2025","","2424","","1673350","","690,33"
"280490","PACATUBA","SE","06/2025","","2432","","1646407","","676,98"
"280490","PACATUBA","SE","12/2025","","2409","","1668967","","693,96"
"280490","PACATUBA","SE","01/2025","","2407","","1638791","","680,84"
"280490","PACATUBA","SE","11/2025","","2390","","1638585,0","","685,89"
"280490","PACATUBA","SE","04/2025","","2443","","1667762,0","","682,67"
"280490","PACATUBA","SE","02/2025","","2421","","1645686,0","","679,75"
"280500","PEDRA MOLE","SE","01/2025","","773","","521656","","674,85"
"280500","PEDRA MOLE","SE","04/2025","","789","","534028,0","","676,84"
"280500","PEDRA MOLE","SE","07/2025","","768","","519460,0","","676,38"
"280500","PEDRA MOLE","SE","11/2025","","720","","486641,0","","675,89"
"280500","PEDRA MOLE","SE","08/2025","","758","","512814","","676,54"
"280500","PEDRA MOLE","SE","02/2025","","785","","531114,0","","676,58"
"280500","PEDRA MOLE","SE","12/2025","","723","","488456","","697,79"
"280500","PEDRA MOLE","SE","10/2025","","737","","497318","","674,79"
"280500","PEDRA MOLE","SE","06/2025","","789","","529913","","671,63"
"280500","PEDRA MOLE","SE","09/2025","","750","","506452","","675,27"
"280500","PEDRA MOLE","SE","05/2025","","789","","531278,0","","673,36"
"280500","PEDRA MOLE","SE","03/2025","","789","","532494","","674,90"
"280510","PEDRINHAS","SE","02/2025","","3271","","2122039,0","","648,74"
"280510","PEDRINHAS","SE","09/2025","","3059","","1975556","","646,03"
"280510","PEDRINHAS","SE","04/2025","","3252","","2107400,0","","648,43"
"280510","PEDRINHAS","SE","12/2025","","2904","","1863677","","666,55"
"280510","PEDRINHAS","SE","08/2025","","3072","","1973974","","642,78"
"280510","PEDRINHAS","SE","06/2025","","3229","","2081338","","644,78"
"280510","PEDRINHAS","SE","01/2025","","3270","","2123176","","649,29"
"280510","PEDRINHAS","SE","10/2025","","3026","","1942639","","642,19"
"280510","PEDRINHAS","SE","03/2025","","3250","","2108625","","649,21"
"280510","PEDRINHAS","SE","07/2025","","3122","","2016826,0","","646,21"
"280510","PEDRINHAS","SE","11/2025","","2994","","1915584,0","","640,02"
"280510","PEDRINHAS","SE","05/2025","","3239","","2093815,0","","646,64"
"280520","PINHÃO","SE","10/2025","","1301","","855574","","658,13"
"280520","PINHÃO","SE","11/2025","","1282","","849215,0","","662,93"
"280520","PINHÃO","SE","08/2025","","1327","","867461","","654,19"
"280520","PINHÃO","SE","01/2025","","1385","","906382","","654,43"
"280520","PINHÃO","SE","09/2025","","1319","","865779","","656,89"
"280520","PINHÃO","SE","03/2025","","1387","","902528","","652,12"
"280520","PINHÃO","SE","05/2025","","1383","","900401,0","","651,05"
"280520","PINHÃO","SE","07/2025","","1329","","870557,0","","655,54"
"280520","PINHÃO","SE","06/2025","","1383","","899071","","650,09"
"280520","PINHÃO","SE","04/2025","","1385","","900651,0","","651,70"
"280520","PINHÃO","SE","12/2025","","1328","","878599","","686,41"
"280520","PINHÃO","SE","02/2025","","1388","","908082,0","","654,24"
"280530","PIRAMBU","SE","08/2025","","1654","","1105486","","668,37"
"280530","PIRAMBU","SE","07/2025","","1667","","1115047,0","","669,30"
"280530","PIRAMBU","SE","06/2025","","1712","","1131214","","661,14"
"280530","PIRAMBU","SE","11/2025","","1637","","1106052,0","","675,66"
"280530","PIRAMBU","SE","01/2025","","1717","","1136870","","662,13"
"280530","PIRAMBU","SE","03/2025","","1711","","1135880","","663,87"
"280530","PIRAMBU","SE","12/2025","","1639","","1105788","","675,50"
"280530","PIRAMBU","SE","05/2025","","1709","","1131410,0","","662,42"
"280530","PIRAMBU","SE","10/2025","","1658","","1120460","","675,79"
"280530","PIRAMBU","SE","02/2025","","1721","","1142335,0","","663,76"
"280530","PIRAMBU","SE","04/2025","","1709","","1137785,0","","665,76"
"280530","PIRAMBU","SE","09/2025","","1659","","1119479","","674,79"
"280540","POÇO REDONDO","SE","02/2025","","7476","","5196031,0","","695,03"
"280540","POÇO REDONDO","SE","04/2025","","7430","","5171169,0","","696,08"
"280540","POÇO REDONDO","SE","11/2025","","7307","","5097233,0","","697,58"
"280540","POÇO REDONDO","SE","07/2025","","7262","","5070930,0","","698,28"
"280540","POÇO REDONDO","SE","06/2025","","7434","","5162250","","694,41"
"280540","POÇO REDONDO","SE","09/2025","","7447","","5185141","","696,37"
"280540","POÇO REDONDO","SE","12/2025","","7386","","5161251","","710,62"
"280540","POÇO REDONDO","SE","08/2025","","7429","","5157793","","694,28"
"280540","POÇO REDONDO","SE","01/2025","","7462","","5201595","","697,08"
"280540","POÇO REDONDO","SE","03/2025","","7440","","5186737","","697,24"
"280540","POÇO REDONDO","SE","10/2025","","7375","","5136921","","696,63"
"280540","POÇO REDONDO","SE","05/2025","","7432","","5181408,0","","697,18"
"280550","POÇO VERDE","SE","04/2025","","5392","","3509872,0","","651,06"
"280550","POÇO VERDE","SE","06/2025","","5391","","3495382","","648,49"
"280550","POÇO VERDE","SE","12/2025","","5125","","3361636","","679,26"
"280550","POÇO VERDE","SE","01/2025","","5355","","3480324","","649,92"
"280550","POÇO VERDE","SE","03/2025","","5395","","3502961","","649,42"
"280550","POÇO VERDE","SE","07/2025","","5204","","3389030,0","","651,36"
"280550","POÇO VERDE","SE","10/2025","","5106","","3331092","","653,03"
"280550","POÇO VERDE","SE","05/2025","","5392","","3508277,0","","650,77"
"280550","POÇO VERDE","SE","02/2025","","5331","","3489872,0","","654,64"
"280550","POÇO VERDE","SE","09/2025","","5165","","3364085","","651,95"
"280550","POÇO VERDE","SE","08/2025","","5175","","3358090","","649,03"
"280550","POÇO VERDE","SE","11/2025","","5056","","3314139,0","","656,01"
"280560","PORTO DA FOLHA","SE","08/2025","","7123","","4803261","","674,52"
"280560","PORTO DA FOLHA","SE","06/2025","","7365","","4944177","","671,49"
"280560","PORTO DA FOLHA","SE","03/2025","","7350","","4939296","","672,47"
"280560","PORTO DA FOLHA","SE","02/2025","","7405","","4984314,0","","673,10"
"280560","PORTO DA FOLHA","SE","04/2025","","7356","","4953947,0","","673,91"
"280560","PORTO DA FOLHA","SE","07/2025","","7161","","4843914,0","","676,62"
"280560","PORTO DA FOLHA","SE","05/2025","","7363","","4961677,0","","674,05"
"280560","PORTO DA FOLHA","SE","11/2025","","6967","","4747223,0","","681,48"
"280560","PORTO DA FOLHA","SE","10/2025","","7028","","4749411","","675,88"
"280560","PORTO DA FOLHA","SE","09/2025","","7096","","4791364","","675,41"
"280560","PORTO DA FOLHA","SE","12/2025","","7215","","4925874","","699,60"
"280560","PORTO DA FOLHA","SE","01/2025","","7401","","4999048","","675,46"
"280570","PROPRIÁ","SE","08/2025","","4688","","3134214","","668,99"
"280570","PROPRIÁ","SE","05/2025","","4835","","3221486,0","","666,42"
"280570","PROPRIÁ","SE","11/2025","","4632","","3114139,0","","672,45"
"280570","PROPRIÁ","SE","09/2025","","4685","","3160717","","674,93"
"280570","PROPRIÁ","SE","01/2025","","4827","","3214479","","665,94"
"280570","PROPRIÁ","SE","06/2025","","4842","","3207323","","662,53"
"280570","PROPRIÁ","SE","12/2025","","4593","","3096210","","676,77"
"280570","PROPRIÁ","SE","03/2025","","4835","","3223062","","666,61"
"280570","PROPRIÁ","SE","10/2025","","4662","","3136627","","672,95"
"280570","PROPRIÁ","SE","04/2025","","4835","","3216241,0","","665,20"
"280570","PROPRIÁ","SE","07/2025","","4628","","3103161,0","","670,95"
"280570","PROPRIÁ","SE","02/2025","","4841","","3226111,0","","666,41"
"280580","RIACHÃO DO DANTAS","SE","06/2025","","4892","","3237100","","661,71"
"280580","RIACHÃO DO DANTAS","SE","07/2025","","4729","","3128797,0","","661,76"
"280580","RIACHÃO DO DANTAS","SE","05/2025","","4864","","3211526,0","","660,26"
"280580","RIACHÃO DO DANTAS","SE","02/2025","","4819","","3213547,0","","666,85"
"280580","RIACHÃO DO DANTAS","SE","12/2025","","4635","","3099499","","670,31"
"280580","RIACHÃO DO DANTAS","SE","08/2025","","4672","","3082683","","659,82"
"280580","RIACHÃO DO DANTAS","SE","01/2025","","4783","","3221392","","673,51"
"280580","RIACHÃO DO DANTAS","SE","10/2025","","4693","","3104067","","661,57"
"280580","RIACHÃO DO DANTAS","SE","04/2025","","4865","","3271361,0","","672,43"
"280580","RIACHÃO DO DANTAS","SE","11/2025","","4645","","3100848,0","","668,00"
"280580","RIACHÃO DO DANTAS","SE","03/2025","","4847","","3237395","","668,61"
"280580","RIACHÃO DO DANTAS","SE","09/2025","","4681","","3109995","","664,53"
"280590","RIACHUELO","SE","11/2025","","1531","","1050913,0","","686,42"
"280590","RIACHUELO","SE","05/2025","","1655","","1116166,0","","674,42"
"280590","RIACHUELO","SE","12/2025","","1537","","1052010","","691,20"
"280590","RIACHUELO","SE","07/2025","","1585","","1082985,0","","683,27"
"280590","RIACHUELO","SE","08/2025","","1580","","1078823","","682,80"
"280590","RIACHUELO","SE","02/2025","","1664","","1122344,0","","674,49"
"280590","RIACHUELO","SE","03/2025","","1661","","1118060","","673,53"
"280590","RIACHUELO","SE","04/2025","","1655","","1116756,0","","675,19"
"280590","RIACHUELO","SE","09/2025","","1563","","1064177","","680,86"
"280590","RIACHUELO","SE","10/2025","","1558","","1069103","","686,20"
"280590","RIACHUELO","SE","01/2025","","1661","","1120199","","674,41"
"280590","RIACHUELO","SE","06/2025","","1653","","1113991","","673,92"
"280600","RIBEIRÓPOLIS","SE","06/2025","","3323","","2132153","","641,63"
"280600","RIBEIRÓPOLIS","SE","12/2025","","3013","","1970088","","654,51"
"280600","RIBEIRÓPOLIS","SE","07/2025","","3191","","2068596,0","","648,46"
"280600","RIBEIRÓPOLIS","SE","05/2025","","3331","","2143413,0","","643,47"
"280600","RIBEIRÓPOLIS","SE","03/2025","","3330","","2150834","","645,90"
"280600","RIBEIRÓPOLIS","SE","09/2025","","3115","","2031063","","652,45"
"280600","RIBEIRÓPOLIS","SE","04/2025","","3333","","2143063,0","","642,98"
"280600","RIBEIRÓPOLIS","SE","01/2025","","3322","","2134843","","642,64"
"280600","RIBEIRÓPOLIS","SE","08/2025","","3153","","2037530","","646,42"
"280600","RIBEIRÓPOLIS","SE","11/2025","","3058","","1996991,0","","653,04"
"280600","RIBEIRÓPOLIS","SE","10/2025","","3098","","2020825","","652,51"
"280600","RIBEIRÓPOLIS","SE","02/2025","","3326","","2136748,0","","642,44"
"280610","ROSÁRIO DO CATETE","SE","01/2025","","2122","","1412306","","665,55"
"280610","ROSÁRIO DO CATETE","SE","06/2025","","2166","","1436212","","663,07"
"280610","ROSÁRIO DO CATETE","SE","07/2025","","2071","","1388029,0","","670,22"
"280610","ROSÁRIO DO CATETE","SE","04/2025","","2164","","1439246,0","","665,09"
"280610","ROSÁRIO DO CATETE","SE","09/2025","","2016","","1365086","","677,13"
"280610","ROSÁRIO DO CATETE","SE","12/2025","","2011","","1365230","","679,22"
"280610","ROSÁRIO DO CATETE","SE","11/2025","","1990","","1341324,0","","674,03"
"280610","ROSÁRIO DO CATETE","SE","05/2025","","2162","","1437096,0","","664,71"
"280610","ROSÁRIO DO CATETE","SE","10/2025","","2014","","1358625","","674,59"
"280610","ROSÁRIO DO CATETE","SE","03/2025","","2165","","1438649","","664,50"
"280610","ROSÁRIO DO CATETE","SE","02/2025","","2136","","1423678,0","","666,52"
"280610","ROSÁRIO DO CATETE","SE","08/2025","","2031","","1364125","","671,65"
"280620","SALGADO","SE","07/2025","","4375","","2888065,0","","661,04"
"280620","SALGADO","SE","09/2025","","4255","","2817574","","663,43"
"280620","SALGADO","SE","06/2025","","4562","","3000506","","658,15"
"280620","SALGADO","SE","11/2025","","4212","","2815635,0","","670,07"
"280620","SALGADO","SE","02/2025","","4570","","3041496,0","","665,54"
"280620","SALGADO","SE","01/2025","","4546","","3018716","","664,04"
"280620","SALGADO","SE","10/2025","","4261","","2850825","","670,15"
"280620","SALGADO","SE","03/2025","","4562","","3017126","","662,23"
"280620","SALGADO","SE","08/2025","","4294","","2829301","","659,82"
"280620","SALGADO","SE","04/2025","","4561","","3010300,0","","660,59"
"280620","SALGADO","SE","12/2025","","4231","","2824232","","672,28"
"280620","SALGADO","SE","05/2025","","4563","","3004203,0","","658,96"
"280630","SANTA LUZIA DO ITANHY","SE","08/2025","","2962","","1978424","","667,94"
"280630","SANTA LUZIA DO ITANHY","SE","07/2025","","2973","","1992603,0","","670,68"
"280630","SANTA LUZIA DO ITANHY","SE","03/2025","","3172","","2094896","","661,48"
"280630","SANTA LUZIA DO ITANHY","SE","10/2025","","2924","","1973038","","674,77"
"280630","SANTA LUZIA DO ITANHY","SE","09/2025","","2948","","1982699","","673,24"
"280630","SANTA LUZIA DO ITANHY","SE","06/2025","","3177","","2093052","","658,81"
"280630","SANTA LUZIA DO ITANHY","SE","05/2025","","3177","","2099399,0","","660,81"
"280630","SANTA LUZIA DO ITANHY","SE","01/2025","","3163","","2095957","","662,65"
"280630","SANTA LUZIA DO ITANHY","SE","04/2025","","3175","","2095109,0","","660,71"
"280630","SANTA LUZIA DO ITANHY","SE","11/2025","","2884","","1972480,0","","684,18"
"280630","SANTA LUZIA DO ITANHY","SE","02/2025","","3178","","2109005,0","","663,63"
"280630","SANTA LUZIA DO ITANHY","SE","12/2025","","2841","","1919418","","678,48"
"280640","SANTANA DO SÃO FRANCISCO","SE","10/2025","","1918","","1314804","","686,22"
"280640","SANTANA DO SÃO FRANCISCO","SE","11/2025","","1888","","1294478,0","","687,46"
"280640","SANTANA DO SÃO FRANCISCO","SE","04/2025","","2048","","1387543,0","","678,51"
"280640","SANTANA DO SÃO FRANCISCO","SE","07/2025","","1963","","1339213,0","","682,58"
"280640","SANTANA DO SÃO FRANCISCO","SE","01/2025","","2003","","1360981","","679,47"
"280640","SANTANA DO SÃO FRANCISCO","SE","09/2025","","1927","","1315845","","683,91"
"280640","SANTANA DO SÃO FRANCISCO","SE","12/2025","","1911","","1318569","","695,81"
"280640","SANTANA DO SÃO FRANCISCO","SE","08/2025","","1940","","1318603","","680,04"
"280640","SANTANA DO SÃO FRANCISCO","SE","05/2025","","2048","","1387606,0","","677,87"
"280640","SANTANA DO SÃO FRANCISCO","SE","06/2025","","2053","","1387136","","675,99"
"280640","SANTANA DO SÃO FRANCISCO","SE","02/2025","","2048","","1389746,0","","678,59"
"280640","SANTANA DO SÃO FRANCISCO","SE","03/2025","","2049","","1390470","","679,27"
"280650","SANTA ROSA DE LIMA","SE","02/2025","","673","","447864,0","","665,47"
"280650","SANTA ROSA DE LIMA","SE","01/2025","","667","","436194","","653,96"
"280650","SANTA ROSA DE LIMA","SE","05/2025","","670","","443760,0","","662,33"
"280650","SANTA ROSA DE LIMA","SE","07/2025","","631","","429857,0","","681,23"
"280650","SANTA ROSA DE LIMA","SE","12/2025","","586","","401446","","693,34"
"280650","SANTA ROSA DE LIMA","SE","04/2025","","671","","444635,0","","662,65"
"280650","SANTA ROSA DE LIMA","SE","09/2025","","613","","418316","","682,41"
"280650","SANTA ROSA DE LIMA","SE","03/2025","","673","","444329","","660,22"
"280650","SANTA ROSA DE LIMA","SE","06/2025","","669","","442464","","661,38"
"280650","SANTA ROSA DE LIMA","SE","10/2025","","604","","412813","","683,47"
"280650","SANTA ROSA DE LIMA","SE","11/2025","","594","","406555,0","","684,44"
"280650","SANTA ROSA DE LIMA","SE","08/2025","","616","","417280","","677,40"
"280660","SANTO AMARO DAS BROTAS","SE","09/2025","","2313","","1564348","","676,33"
"280660","SANTO AMARO DAS BROTAS","SE","05/2025","","2487","","1660491,0","","667,67"
"280660","SANTO AMARO DAS BROTAS","SE","11/2025","","2246","","1506826,0","","670,89"
"280660","SANTO AMARO DAS BROTAS","SE","03/2025","","2499","","1670837","","668,60"
"280660","SANTO AMARO DAS BROTAS","SE","07/2025","","2367","","1587581,0","","670,71"
"280660","SANTO AMARO DAS BROTAS","SE","01/2025","","2507","","1685417","","672,28"
"280660","SANTO AMARO DAS BROTAS","SE","12/2025","","2161","","1461814","","692,15"
"280660","SANTO AMARO DAS BROTAS","SE","06/2025","","2491","","1664901","","668,37"
"280660","SANTO AMARO DAS BROTAS","SE","10/2025","","2279","","1524937","","669,13"
"280660","SANTO AMARO DAS BROTAS","SE","02/2025","","2518","","1692094,0","","672,00"
"280660","SANTO AMARO DAS BROTAS","SE","08/2025","","2327","","1562471","","671,45"
"280660","SANTO AMARO DAS BROTAS","SE","04/2025","","2488","","1663016,0","","668,41"
"280670","SÃO CRISTÓVÃO","SE","07/2025","","12094","","7958115,0","","659,60"
"280670","SÃO CRISTÓVÃO","SE","05/2025","","12678","","8353592,0","","659,53"
"280670","SÃO CRISTÓVÃO","SE","11/2025","","11571","","7733382,0","","670,20"
"280670","SÃO CRISTÓVÃO","SE","06/2025","","12689","","8359261","","659,25"
"280670","SÃO CRISTÓVÃO","SE","12/2025","","11258","","7536009","","684,16"
"280670","SÃO CRISTÓVÃO","SE","09/2025","","11846","","7915755","","669,63"
"280670","SÃO CRISTÓVÃO","SE","01/2025","","12657","","8414203","","664,79"
"280670","SÃO CRISTÓVÃO","SE","08/2025","","11898","","7872739","","663,02"
"280670","SÃO CRISTÓVÃO","SE","10/2025","","11775","","7845344","","667,40"
"280670","SÃO CRISTÓVÃO","SE","04/2025","","12691","","8359387,0","","660,14"
"280670","SÃO CRISTÓVÃO","SE","02/2025","","12700","","8423981,0","","663,31"
"280670","SÃO CRISTÓVÃO","SE","03/2025","","12711","","8398131","","662,26"
"280680","SÃO DOMINGOS","SE","12/2025","","1979","","1328549","","674,73"
"280680","SÃO DOMINGOS","SE","04/2025","","2062","","1374201,0","","670,02"
"280680","SÃO DOMINGOS","SE","03/2025","","2060","","1368008","","668,30"
"280680","SÃO DOMINGOS","SE","05/2025","","2059","","1378845,0","","669,99"
"280680","SÃO DOMINGOS","SE","06/2025","","2060","","1374845","","667,72"
"280680","SÃO DOMINGOS","SE","11/2025","","1920","","1293027,0","","675,56"
"280680","SÃO DOMINGOS","SE","02/2025","","2047","","1376224,0","","672,31"
"280680","SÃO DOMINGOS","SE","10/2025","","1936","","1307842","","676,59"
"280680","SÃO DOMINGOS","SE","09/2025","","1946","","1312331","","676,46"
"280680","SÃO DOMINGOS","SE","01/2025","","2033","","1366804","","672,31"
"280680","SÃO DOMINGOS","SE","08/2025","","1972","","1320142","","672,51"
"280680","SÃO DOMINGOS","SE","07/2025","","1988","","1327475,0","","670,78"
"280690","SÃO FRANCISCO","SE","11/2025","","767","","508353,0","","662,78"
"280690","SÃO FRANCISCO","SE","10/2025","","773","","504275","","652,36"
"280690","SÃO FRANCISCO","SE","01/2025","","849","","553342","","651,76"
"280690","SÃO FRANCISCO","SE","08/2025","","795","","516837","","650,11"
"280690","SÃO FRANCISCO","SE","07/2025","","809","","525767,0","","649,90"
"280690","SÃO FRANCISCO","SE","02/2025","","854","","556317,0","","651,43"
"280690","SÃO FRANCISCO","SE","04/2025","","841","","539311,0","","645,88"
"280690","SÃO FRANCISCO","SE","06/2025","","845","","545867","","646,00"
"280690","SÃO FRANCISCO","SE","12/2025","","766","","506103","","661,57"
"280690","SÃO FRANCISCO","SE","09/2025","","787","","513318","","652,25"
"280690","SÃO FRANCISCO","SE","03/2025","","845","","541061","","645,66"
"280690","SÃO FRANCISCO","SE","05/2025","","841","","543567,0","","646,33"
"280700","SÃO MIGUEL DO ALEIXO","SE","11/2025","","860","","571811,0","","665,67"
"280700","SÃO MIGUEL DO ALEIXO","SE","06/2025","","921","","610979","","663,39"
"280700","SÃO MIGUEL DO ALEIXO","SE","05/2025","","919","","611645,0","","665,55"
"280700","SÃO MIGUEL DO ALEIXO","SE","01/2025","","907","","598627","","660,01"
"280700","SÃO MIGUEL DO ALEIXO","SE","12/2025","","882","","587521","","668,40"
"280700","SÃO MIGUEL DO ALEIXO","SE","10/2025","","874","","579239","","663,50"
"280700","SÃO MIGUEL DO ALEIXO","SE","08/2025","","883","","582791","","660,76"
"280700","SÃO MIGUEL DO ALEIXO","SE","04/2025","","918","","611665,0","","667,03"
"280700","SÃO MIGUEL DO ALEIXO","SE","09/2025","","880","","580194","","660,06"
"280700","SÃO MIGUEL DO ALEIXO","SE","07/2025","","890","","586729,0","","659,99"
"280700","SÃO MIGUEL DO ALEIXO","SE","02/2025","","914","","605177,0","","662,12"
"280700","SÃO MIGUEL DO ALEIXO","SE","03/2025","","919","","614563","","670,19"
"280710","SIMÃO DIAS","SE","01/2025","","10188","","6732699","","660,85"
"280710","SIMÃO DIAS","SE","05/2025","","10099","","6599251,0","","653,59"
"280710","SIMÃO DIAS","SE","03/2025","","10145","","6648608","","655,62"
"280710","SIMÃO DIAS","SE","12/2025","","9145","","6057410","","663,46"
"280710","SIMÃO DIAS","SE","11/2025","","9244","","6161088,0","","666,71"
"280710","SIMÃO DIAS","SE","10/2025","","9344","","6157959","","659,10"
"280710","SIMÃO DIAS","SE","02/2025","","10189","","6702364,0","","657,80"
"280710","SIMÃO DIAS","SE","04/2025","","10119","","6623819,0","","654,85"
"280710","SIMÃO DIAS","SE","08/2025","","9510","","6260698","","658,40"
"280710","SIMÃO DIAS","SE","07/2025","","9520","","6264139,0","","658,07"
"280710","SIMÃO DIAS","SE","06/2025","","10108","","6596228","","652,57"
"280710","SIMÃO DIAS","SE","09/2025","","9445","","6229466","","659,69"
"280720","SIRIRI","SE","01/2025","","1560","","1070199","","686,03"
"280720","SIRIRI","SE","02/2025","","1561","","1067902,0","","684,11"
"280720","SIRIRI","SE","06/2025","","1550","","1054627","","680,40"
"280720","SIRIRI","SE","11/2025","","1455","","994031,0","","685,54"
"280720","SIRIRI","SE","08/2025","","1489","","1023456","","687,34"
"280720","SIRIRI","SE","03/2025","","1554","","1055882","","679,90"
"280720","SIRIRI","SE","10/2025","","1482","","1023021","","690,30"
"280720","SIRIRI","SE","07/2025","","1507","","1039569,0","","689,83"
"280720","SIRIRI","SE","09/2025","","1484","","1017297","","685,97"
"280720","SIRIRI","SE","05/2025","","1551","","1058111,0","","682,21"
"280720","SIRIRI","SE","12/2025","","1457","","996949","","688,50"
"280720","SIRIRI","SE","04/2025","","1551","","1056636,0","","681,70"
"280730","TELHA","SE","01/2025","","745","","507207","","680,81"
"280730","TELHA","SE","05/2025","","755","","514142,0","","680,98"
"280730","TELHA","SE","03/2025","","757","","514278","","679,36"
"280730","TELHA","SE","12/2025","","729","","504703","","693,27"
"280730","TELHA","SE","04/2025","","756","","517942,0","","685,11"
"280730","TELHA","SE","09/2025","","725","","496619","","684,99"
"280730","TELHA","SE","06/2025","","756","","512181","","677,49"
"280730","TELHA","SE","10/2025","","724","","501376","","692,51"
"280730","TELHA","SE","02/2025","","751","","513817,0","","684,18"
"280730","TELHA","SE","07/2025","","727","","495345,0","","681,35"
"280730","TELHA","SE","11/2025","","723","","499117,0","","690,34"
"280730","TELHA","SE","08/2025","","726","","495295","","682,22"
"280740","TOBIAS BARRETO","SE","05/2025","","12643","","8152615,0","","645,24"
"280740","TOBIAS BARRETO","SE","08/2025","","12108","","7850787","","649,04"
"280740","TOBIAS BARRETO","SE","10/2025","","11848","","7708242","","651,14"
"280740","TOBIAS BARRETO","SE","12/2025","","11963","","7833642","","732,66"
"280740","TOBIAS BARRETO","SE","04/2025","","12666","","8186606,0","","646,91"
"280740","TOBIAS BARRETO","SE","11/2025","","11712","","7657639,0","","654,67"
"280740","TOBIAS BARRETO","SE","07/2025","","12189","","7905760,0","","649,29"
"280740","TOBIAS BARRETO","SE","03/2025","","12654","","8244221","","652,08"
"280740","TOBIAS BARRETO","SE","02/2025","","12545","","8117983,0","","647,11"
"280740","TOBIAS BARRETO","SE","01/2025","","12680","","8211518","","647,60"
"280740","TOBIAS BARRETO","SE","09/2025","","12009","","7798009","","650,10"
"280740","TOBIAS BARRETO","SE","06/2025","","12663","","8152029","","644,17"
"280750","TOMAR DO GERU","SE","12/2025","","2517","","1705354","","678,61"
"280750","TOMAR DO GERU","SE","02/2025","","2566","","1721117,0","","670,74"
"280750","TOMAR DO GERU","SE","05/2025","","2582","","1739628,0","","673,75"
"280750","TOMAR DO GERU","SE","09/2025","","2547","","1734265","","680,90"
"280750","TOMAR DO GERU","SE","08/2025","","2565","","1724354","","672,26"
"280750","TOMAR DO GERU","SE","07/2025","","2519","","1699887,0","","674,83"
"280750","TOMAR DO GERU","SE","11/2025","","2519","","1704976,0","","677,12"
"280750","TOMAR DO GERU","SE","01/2025","","2551","","1716855","","673,01"
"280750","TOMAR DO GERU","SE","03/2025","","2587","","1730240","","669,34"
"280750","TOMAR DO GERU","SE","10/2025","","2539","","1717571","","676,48"
"280750","TOMAR DO GERU","SE","06/2025","","2578","","1735193","","673,08"
"280750","TOMAR DO GERU","SE","04/2025","","2583","","1740452,0","","674,07"
"280760","UMBAÚBA","SE","01/2025","","5468","","3724096","","681,07"
"280760","UMBAÚBA","SE","09/2025","","5293","","3622838","","685,11"
"280760","UMBAÚBA","SE","08/2025","","5317","","3606274","","678,38"
"280760","UMBAÚBA","SE","04/2025","","5542","","3767382,0","","680,40"
"280760","UMBAÚBA","SE","03/2025","","5543","","3767309","","680,27"
"280760","UMBAÚBA","SE","10/2025","","5271","","3605868","","684,36"
"280760","UMBAÚBA","SE","06/2025","","5538","","3747950","","676,89"
"280760","UMBAÚBA","SE","05/2025","","5540","","3753050,0","","677,57"
"280760","UMBAÚBA","SE","07/2025","","5394","","3670673,0","","680,76"
"280760","UMBAÚBA","SE","11/2025","","5217","","3559864,0","","683,01"
"280760","UMBAÚBA","SE","12/2025","","5376","","3675515","","686,37"
"280760","UMBAÚBA","SE","02/2025","","5512","","3757980,0","","681,78"
